Rk,Player,Nation,Pos,Squad,Age,Born,90s?,Gls,Sh,SoT,SoT%,Sh/90,SoT/90,G/Sh,G/SoT,Dist,FK,PK,PKatt,xG,npxG,npxG/Sh,G-xG,np:G-xG
1,George Baldock,eng ENG,DF,Sheffield Utd,26,1993,38,2,13,5,38.5,0.34,0.13,0.15,0.4,16.9,0,0,0,0.9,0.9,0.07,1.1,1.1
2,Conor Coady,eng ENG,DF,Wolves,26,1993,38,0,0,0,,0,0,,,,0,0,0,0,0,,0,0
3,Virgil van Dijk,nl NED,DF,Liverpool,28,1991,38,5,30,14,46.7,0.79,0.37,0.17,0.36,11.3,0,0,0,2.9,2.9,0.1,2.1,2.1
4,Martin Dúbravka,sk SVK,GK,Newcastle Utd,30,1989,38,0,0,0,,0,0,,,,0,0,0,0,0,,0,0
5,Ben Foster,eng ENG,GK,Watford,36,1983,38,0,1,1,100,0.03,0.03,0,0,9,0,0,0,0.1,0.1,0.09,-0.1,-0.1
6,David de Gea,es ESP,GK,Manchester Utd,28,1990,38,0,0,0,,0,0,,,,0,0,0,0,0,,0,0
7,Harry Maguire,eng ENG,DF,Manchester Utd,26,1993,38,1,32,8,25,0.84,0.21,0.03,0.13,11.7,0,0,0,2,2,0.06,-1,-1
8,Rui Patrício,pt POR,GK,Wolves,31,1988,38,0,0,0,,0,0,,,,0,0,0,0,0,,0,0
9,Jordan Pickford,eng ENG,GK,Everton,25,1994,38,0,0,0,,0,0,,,,0,0,0,0,0,,0,0
10,Nick Pope,eng ENG,GK,Burnley,27,1992,38,0,0,0,,0,0,,,,0,0,0,0,0,,0,0
11,Declan Rice,eng ENG,MF,West Ham,20,1999,38,1,30,9,30,0.79,0.24,0.03,0.11,22.6,0,0,0,1.1,1.1,0.04,-0.1,-0.1
12,Mathew Ryan,au AUS,GK,Brighton,27,1992,38,0,0,0,,0,0,,,,0,0,0,0,0,,0,0
13,Kasper Schmeichel,dk DEN,GK,Leicester City,32,1986,38,0,1,0,0,0.03,0,0,,59,1,0,0,0,0,0.04,0,0
14,James Tarkowski,eng ENG,DF,Burnley,26,1992,38,2,20,4,20,0.53,0.11,0.1,0.5,8.2,0,0,0,2.4,2.4,0.12,-0.4,-0.4
15,James Ward-Prowse,eng ENG,"MF,DF",Southampton,24,1994,38,5,54,23,42.6,1.42,0.61,0.07,0.17,23.1,24,1,3,7.1,4.6,0.09,-2.1,-0.6
16,Jonny Evans,nir NIR,DF,Leicester City,31,1988,37.6,1,24,10,41.7,0.64,0.27,0.04,0.1,7.7,0,0,0,2.6,2.6,0.11,-1.6,-1.6
17,Enda Stevens,ie IRL,DF,Sheffield Utd,29,1990,37.2,2,22,4,18.2,0.59,0.11,0.09,0.5,18.3,0,0,0,1.2,1.2,0.05,0.8,0.8
18,Dwight McNeil,eng ENG,MF,Burnley,19,1999,37.1,2,48,14,29.2,1.29,0.38,0.04,0.14,23.5,10,0,0,2.1,2.1,0.04,-0.1,-0.1
19,Aaron Ramsdale,eng ENG,GK,Bournemouth,21,1998,37,0,0,0,,0,0,,,,0,0,0,0,0,,0,0
20,Wilfried Zaha,ci CIV,"MF,FW",Crystal Palace,26,1992,36.4,4,61,17,27.9,1.67,0.47,0.07,0.24,15.8,0,0,0,5.3,5.3,0.09,-1.3,-1.3
21,Max Aarons,eng ENG,DF,Norwich City,19,2000,36,0,14,4,28.6,0.39,0.11,0,0,17.8,0,0,0,0.5,0.5,0.04,-0.5,-0.5
22,Chris Basham,eng ENG,DF,Sheffield Utd,31,1988,36,0,6,0,0,0.17,0,0,,12.2,0,0,0,0.5,0.5,0.09,-0.5,-0.5
23,Dean Henderson,eng ENG,GK,Sheffield Utd,22,1997,36,0,1,0,0,0.03,0,0,,7.3,0,0,0,0.1,0.1,0.07,-0.1,-0.1
24,Raúl Jiménez,mx MEX,FW,Wolves,28,1991,36,17,114,39,34.2,3.17,1.08,0.11,0.33,15.1,0,4,4,14.7,11.7,0.1,2.3,1.3
25,Tim Krul,nl NED,GK,Norwich City,31,1988,36,0,0,0,,0,0,,,,0,0,0,0,0,,0,0
26,César Azpilicueta,es ESP,DF,Chelsea,29,1989,35.9,2,29,6,20.7,0.81,0.17,0.07,0.33,13.2,0,0,0,2.7,2.7,0.09,-0.7,-0.7
27,Lewis Dunk,eng ENG,DF,Brighton,27,1991,35.9,3,30,10,33.3,0.84,0.28,0.1,0.3,11,5,0,0,4,4,0.13,-1,-1
28,Jack Grealish,eng ENG,"FW,MF",Aston Villa,23,1995,35.9,8,72,22,30.6,2,0.61,0.11,0.36,18,1,0,1,6.5,5.7,0.08,1.5,2.3
29,John Egan,ie IRL,DF,Sheffield Utd,26,1992,35.4,2,28,5,17.9,0.79,0.14,0.07,0.4,8.8,0,0,0,2.3,2.3,0.08,-0.3,-0.3
30,Trent Alexander-Arnold,eng ENG,DF,Liverpool,20,1998,35.3,4,44,13,29.5,1.25,0.37,0.09,0.31,22.6,12,0,0,2.8,2.8,0.06,1.2,1.2
31,Abdoulaye Doucouré,fr FRA,MF,Watford,26,1993,35.1,4,62,12,19.4,1.77,0.34,0.06,0.33,16.7,0,0,0,5.3,5.3,0.09,-1.3,-1.3
32,Jordan Ayew,gh GHA,"FW,MF",Crystal Palace,27,1991,35,9,56,24,42.9,1.6,0.69,0.16,0.38,14.7,0,0,0,6.5,6.5,0.12,2.5,2.5
33,Vicente Guaita,es ESP,GK,Crystal Palace,32,1987,35,0,0,0,,0,0,,,,0,0,0,0,0,,0,0
34,Ashley Westwood,eng ENG,MF,Burnley,29,1990,35,2,13,3,23.1,0.37,0.09,0.15,0.67,19.3,2,0,0,1.2,1.2,0.09,0.8,0.8
35,Pierre-Emerick Aubameyang,ga GAB,FW,Arsenal,30,1989,34.8,22,90,40,44.4,2.58,1.15,0.22,0.5,15.3,2,2,2,15.8,14.3,0.16,6.2,5.7
36,Andrew Robertson,sct SCO,DF,Liverpool,25,1994,34.6,2,20,6,30,0.58,0.17,0.1,0.33,17.7,0,0,0,1.6,1.6,0.08,0.4,0.4
37,João Moutinho,pt POR,MF,Wolves,32,1986,34.5,1,22,6,27.3,0.64,0.17,0.05,0.17,23.7,4,0,0,0.8,0.8,0.04,0.2,0.2
38,Victor Lindelöf,se SWE,DF,Manchester Utd,25,1994,34.4,1,6,1,16.7,0.17,0.03,0.17,1,10.8,0,0,0,0.4,0.4,0.07,0.6,0.6
39,James McArthur,sct SCO,MF,Crystal Palace,31,1987,34.3,0,29,6,20.7,0.84,0.17,0,0,17.9,0,0,0,2.5,2.5,0.08,-2.5,-2.5
40,Oliver Norwood,nir NIR,MF,Sheffield Utd,28,1991,34.3,1,16,5,31.3,0.47,0.15,0,0,27.2,4,1,1,1.4,0.7,0.04,-0.4,-0.7
41,Ederson,br BRA,GK,Manchester City,25,1993,34.1,0,0,0,,0,0,,,,0,0,0,0,0,,0,0
42,Richarlison,br BRA,FW,Everton,22,1997,34.1,13,91,31,34.1,2.67,0.91,0.14,0.42,14,0,0,0,9.1,9.1,0.1,3.9,3.9
43,Aaron Wan-Bissaka,eng ENG,DF,Manchester Utd,21,1997,34.1,0,9,1,11.1,0.26,0.03,0,0,17.3,0,0,0,0.9,0.9,0.1,-0.9,-0.9
44,Jan Bednarek,pl POL,DF,Southampton,23,1996,34,1,7,1,14.3,0.21,0.03,0.14,1,7.4,0,0,0,0.8,0.8,0.12,0.2,0.2
45,Rúben Neves,pt POR,MF,Wolves,22,1997,34,2,62,10,16.1,1.83,0.29,0.03,0.2,27,7,0,0,1.6,1.6,0.03,0.4,0.4
46,Lucas Digne,fr FRA,DF,Everton,26,1993,33.7,0,29,5,17.2,0.86,0.15,0,0,24.3,13,0,0,1.4,1.4,0.05,-1.4,-1.4
47,Ça?lar Söyüncü,tr TUR,DF,Leicester City,23,1996,33.7,1,20,7,35,0.59,0.21,0.05,0.14,9,0,0,0,2.3,2.3,0.11,-1.3,-1.3
48,Jamie Vardy,eng ENG,FW,Leicester City,32,1987,33.7,23,87,38,43.7,2.58,1.13,0.22,0.5,12.4,0,4,5,20.3,16.5,0.2,2.7,2.5
49,Miguel Almirón,py PAR,"MF,FW",Newcastle Utd,25,1994,33.6,4,55,17,30.9,1.64,0.51,0.07,0.24,15.7,0,0,0,6.3,6.3,0.12,-2.3,-2.3
50,Roberto Firmino,br BRA,FW,Liverpool,27,1991,33.2,9,100,37,37,3.01,1.11,0.09,0.24,13.3,0,0,0,13.5,13.5,0.13,-4.5,-4.5
51,Kepa Arrizabalaga,es ESP,GK,Chelsea,24,1994,33,0,0,0,,0,0,,,,0,0,0,0,0,,0,0
52,Kenny McLean,sct SCO,MF,Norwich City,27,1992,33,1,30,10,33.3,0.91,0.3,0.03,0.1,20.7,2,0,0,1.5,1.5,0.05,-0.5,-0.5
53,Toby Alderweireld,be BEL,DF,Tottenham,30,1989,32.9,2,16,5,31.3,0.49,0.15,0.13,0.4,11.2,0,0,0,1.1,1.1,0.07,0.9,0.9
54,Georginio Wijnaldum,nl NED,MF,Liverpool,28,1990,32.6,4,36,15,41.7,1.1,0.46,0.11,0.27,15.1,0,0,0,3.1,3.1,0.09,0.9,0.9
55,Jack O'Connell,eng ENG,DF,Sheffield Utd,25,1994,32.4,0,16,2,12.5,0.49,0.06,0,0,9.2,0,0,0,1.2,1.2,0.08,-1.2,-1.2
56,Callum Wilson,eng ENG,FW,Bournemouth,27,1992,32.3,8,54,22,40.7,1.67,0.68,0.15,0.36,11.2,0,0,0,10,10,0.19,-2,-2
57,Tyrone Mings,eng ENG,DF,Aston Villa,26,1993,32.2,2,9,4,44.4,0.28,0.12,0.22,0.5,9,0,0,0,1.1,1.1,0.12,0.9,0.9
58,Jonny Castro,es ESP,DF,Wolves,25,1994,32.1,2,17,5,29.4,0.53,0.16,0.12,0.4,17.9,0,0,0,1.3,1.3,0.08,0.7,0.7
59,Teemu Pukki,fi FIN,FW,Norwich City,29,1990,32.1,11,80,32,40,2.49,1,0.11,0.28,15,0,2,2,12.1,10.6,0.13,-1.1,-1.6
60,Dan Burn,eng ENG,DF,Brighton,27,1992,32,0,13,0,0,0.41,0,0,,11.6,0,0,0,1.2,1.2,0.1,-1.2,-1.2
61,Ben Mee,eng ENG,DF,Burnley,29,1989,32,1,18,5,27.8,0.56,0.16,0.06,0.2,7.6,0,0,0,1.7,1.7,0.1,-0.7,-0.7
62,Mohamed Salah,eg EGY,FW,Liverpool,27,1992,32,19,130,56,43.1,4.07,1.75,0.12,0.29,14.8,4,3,3,19.4,17.2,0.13,-0.4,-1.2
63,Mason Mount,eng ENG,"MF,FW",Chelsea,20,1999,31.9,7,78,29,37.2,2.45,0.91,0.09,0.24,20.3,12,0,0,7.2,7.2,0.09,-0.2,-0.2
64,Matt Doherty,ie IRL,DF,Wolves,27,1992,31.5,4,34,15,44.1,1.08,0.48,0.12,0.27,10.9,0,0,0,5.2,5.2,0.15,-1.2,-1.2
65,Davy Pröpper,nl NED,MF,Brighton,27,1991,31.4,1,31,8,25.8,0.99,0.25,0.03,0.13,20.3,0,0,0,1.3,1.3,0.04,-0.3,-0.3
66,Youri Tielemans,be BEL,MF,Leicester City,22,1997,31.4,3,54,13,24.1,1.72,0.41,0.06,0.23,22.6,0,0,0,3.3,3.3,0.06,-0.3,-0.3
67,Danny Ings,eng ENG,FW,Southampton,27,1992,31.2,22,90,35,38.9,2.89,1.12,0.23,0.6,13.5,0,1,2,16.7,15.2,0.17,5.3,5.8
68,David Luiz,br BRA,DF,Arsenal,32,1987,31.2,2,23,7,30.4,0.74,0.22,0.09,0.29,20.1,7,0,0,1.9,1.9,0.08,0.1,0.1
69,Leander Dendoncker,be BEL,"MF,DF",Wolves,24,1995,31.1,4,20,5,25,0.64,0.16,0.2,0.8,13.4,0,0,0,1.6,1.6,0.08,2.4,2.4
70,Kevin De Bruyne,be BEL,MF,Manchester City,28,1991,31,13,96,27,28.1,3.1,0.87,0.11,0.41,21.1,11,2,2,7.6,6.1,0.06,5.4,4.9
71,Angelo Ogbonna,it ITA,DF,West Ham,31,1988,31,2,14,4,28.6,0.45,0.13,0.14,0.5,9.8,0,0,0,1.4,1.4,0.1,0.6,0.6
72,Issa Diop,fr FRA,DF,West Ham,22,1997,30.7,3,15,6,40,0.49,0.2,0.2,0.5,7.7,0,0,0,1.6,1.6,0.11,1.4,1.4
73,Neal Maupay,fr FRA,FW,Brighton,22,1996,30.7,10,90,34,37.8,2.93,1.11,0.1,0.26,14.9,0,1,2,11.6,10.1,0.11,-1.6,-1.1
74,Nathan Redmond,eng ENG,"MF,FW",Southampton,25,1994,30.7,4,59,21,35.6,1.92,0.68,0.07,0.19,18.5,2,0,0,5,5,0.09,-1,-1
75,Pierre Højbjerg,dk DEN,MF,Southampton,23,1995,30.6,0,47,10,21.3,1.54,0.33,0,0,21.9,0,0,0,2.7,2.7,0.06,-2.7,-2.7
76,Ryan Bertrand,eng ENG,DF,Southampton,29,1989,30.5,1,19,4,21.1,0.62,0.13,0.05,0.25,19.7,1,0,0,1.7,1.7,0.09,-0.7,-0.7
77,Sadio Mané,sn SEN,FW,Liverpool,27,1992,30.5,18,76,36,47.4,2.49,1.18,0.24,0.5,13,0,0,0,13.8,13.8,0.19,4.2,4.2
78,Aaron Cresswell,eng ENG,DF,West Ham,29,1989,30.3,3,18,5,27.8,0.59,0.17,0.17,0.6,20.1,7,0,0,1.3,1.3,0.07,1.7,1.7
79,Romain Saïss,ma MAR,DF,Wolves,29,1990,30.1,2,23,8,34.8,0.77,0.27,0.09,0.25,12.5,1,0,0,2.7,2.7,0.12,-0.7,-0.7
80,Serge Aurier,ci CIV,DF,Tottenham,26,1992,30,1,13,4,30.8,0.43,0.13,0.08,0.25,18.7,0,0,0,0.6,0.6,0.04,0.4,0.4
81,Jefferson Lerma,co COL,MF,Bournemouth,24,1994,30,1,30,2,6.7,1,0.07,0.03,0.5,23.3,0,0,0,1.2,1.2,0.04,-0.2,-0.2
82,Joelinton,br BRA,FW,Newcastle Utd,22,1996,29.8,2,52,15,28.8,1.74,0.5,0.04,0.13,13.8,0,0,0,4.8,4.8,0.09,-2.8,-2.8
83,Wilfred Ndidi,ng NGA,MF,Leicester City,22,1996,29.7,2,27,2,7.4,0.91,0.07,0.07,1,17.8,0,0,0,1.9,1.9,0.07,0.1,0.1
84,Mark Noble,eng ENG,MF,West Ham,32,1987,29.7,4,14,3,21.4,0.47,0.1,0.07,0.33,24.7,0,3,3,2.8,0.5,0.04,1.2,0.5
85,Adam Webster,eng ENG,DF,Brighton,24,1995,29.6,3,16,7,43.8,0.54,0.24,0.19,0.43,13.2,0,0,0,1.1,1.1,0.07,1.9,1.9
86,Raheem Sterling,eng ENG,FW,Manchester City,24,1994,29.5,20,96,36,37.5,3.26,1.22,0.21,0.56,13.5,1,0,2,17.1,15.1,0.16,2.9,4.9
87,Ben Godfrey,eng ENG,DF,Norwich City,21,1998,29.4,0,15,5,33.3,0.51,0.17,0,0,17,0,0,0,0.8,0.8,0.05,-0.8,-0.8
88,Bernd Leno,de GER,GK,Arsenal,27,1992,29.4,0,0,0,,0,0,,,,0,0,0,0,0,,0,0
89,Marcus Rashford,eng ENG,FW,Manchester Utd,21,1997,29.4,17,84,38,45.2,2.86,1.29,0.13,0.29,19.6,16,6,8,17.3,11.2,0.13,-0.3,-0.2
90,Dominic Calvert-Lewin,eng ENG,FW,Everton,22,1997,29.2,13,83,37,44.6,2.84,1.27,0.16,0.35,12.2,0,0,0,14.3,14.3,0.17,-1.3,-1.3
91,Étienne Capoue,fr FRA,MF,Watford,31,1988,29.2,0,19,1,5.3,0.65,0.03,0,0,26.6,2,0,0,0.8,0.8,0.04,-0.8,-0.8
92,James Maddison,eng ENG,MF,Leicester City,22,1996,29.2,6,74,18,24.3,2.54,0.62,0.08,0.33,20.9,14,0,0,4.9,4.9,0.07,1.1,1.1
93,Anthony Martial,fr FRA,FW,Manchester Utd,23,1995,29.2,17,79,38,48.1,2.71,1.3,0.22,0.45,16,0,0,1,10.9,10.1,0.13,6.1,6.9
94,Federico Fernández,ar ARG,DF,Newcastle Utd,30,1989,29.1,2,16,6,37.5,0.55,0.21,0.13,0.33,10.7,0,0,0,1.7,1.7,0.11,0.3,0.3
95,Jack Cork,eng ENG,MF,Burnley,30,1989,29,0,18,5,27.8,0.62,0.17,0,0,13.7,0,0,0,1.7,1.7,0.1,-1.7,-1.7
96,Douglas Luiz,br BRA,MF,Aston Villa,21,1998,29,3,39,12,30.8,1.34,0.41,0.08,0.25,22.9,3,0,0,2.3,2.3,0.06,0.7,0.7
97,Adama Traoré,es ESP,"FW,MF",Wolves,23,1996,28.9,4,43,12,27.9,1.49,0.41,0.09,0.33,19.6,0,0,0,3.5,3.5,0.08,0.5,0.5
98,Willian,br BRA,FW,Chelsea,30,1988,28.9,9,67,26,38.8,2.32,0.9,0.07,0.19,19.6,8,4,4,7.1,4,0.06,1.9,1
99,Harry Kane,eng ENG,FW,Tottenham,26,1993,28.7,18,78,34,43.6,2.71,1.18,0.21,0.47,19.1,7,2,2,10.5,9,0.12,7.5,7
100,Granit Xhaka,ch SUI,MF,Arsenal,26,1992,28.7,1,11,3,27.3,0.38,0.1,0.09,0.33,23.8,0,0,0,0.3,0.3,0.03,0.7,0.7
101,Michael Keane,eng ENG,DF,Everton,26,1993,28.4,2,13,4,30.8,0.46,0.14,0.15,0.5,6.9,0,0,0,1.7,1.7,0.13,0.3,0.3
102,Gylfi Sigurðsson,is ISL,MF,Everton,29,1989,28.4,2,45,12,26.7,1.58,0.42,0.02,0.08,21.1,5,1,1,4.2,3.4,0.08,-2.2,-2.4
103,Alisson,br BRA,GK,Liverpool,26,1992,28.3,0,0,0,,0,0,,,,0,0,0,0,0,,0,0
104,Philip Billing,dk DEN,MF,Bournemouth,23,1996,28.1,1,34,8,23.5,1.21,0.28,0.03,0.13,19,1,0,0,2.5,2.5,0.07,-1.5,-1.5
105,Cheikhou Kouyaté,sn SEN,"MF,DF",Crystal Palace,29,1989,28.1,1,23,5,21.7,0.82,0.18,0.04,0.2,11.2,0,0,0,1.8,1.8,0.08,-0.8,-0.8
106,Dale Stephens,eng ENG,MF,Brighton,30,1989,28.1,0,18,2,11.1,0.64,0.07,0,0,24.7,0,0,0,0.5,0.5,0.03,-0.5,-0.5
107,John Fleck,sct SCO,MF,Sheffield Utd,27,1991,28,5,32,12,37.5,1.14,0.43,0.16,0.42,19.3,0,0,0,3.6,3.6,0.11,1.4,1.4
108,Alex McCarthy,eng ENG,GK,Southampton,29,1989,28,0,0,0,,0,0,,,,0,0,0,0,0,,0,0
109,Ricardo Pereira,pt POR,DF,Leicester City,25,1993,28,3,17,5,29.4,0.61,0.18,0.18,0.6,18.9,0,0,0,1.1,1,0.06,1.9,2
110,Patrick van Aanholt,nl NED,DF,Crystal Palace,28,1990,27.9,3,26,5,19.2,0.93,0.18,0.08,0.4,21,3,1,1,2.4,1.6,0.06,0.6,0.4
111,Luka Milivojevi?,rs SRB,MF,Crystal Palace,28,1991,27.9,3,29,7,24.1,1.04,0.25,0.03,0.14,27.7,11,2,2,2.5,1,0.03,0.5,0
112,Nathan Aké,nl NED,DF,Bournemouth,24,1995,27.8,2,24,7,29.2,0.86,0.25,0.08,0.29,9.7,0,0,0,2.4,2.4,0.1,-0.4,-0.4
113,Todd Cantwell,eng ENG,"FW,MF",Norwich City,21,1998,27.7,6,42,16,38.1,1.52,0.58,0.14,0.38,15.7,0,0,0,5.8,5.8,0.14,0.2,0.2
114,Craig Cathcart,nir NIR,DF,Watford,30,1989,27.6,0,2,1,50,0.07,0.04,0,0,8,0,0,0,0.3,0.3,0.15,-0.3,-0.3
115,Rodri,es ESP,MF,Manchester City,23,1996,27.6,3,24,9,37.5,0.87,0.33,0.13,0.33,18.8,0,0,0,1,1,0.04,2,2
116,Son Heung-min,kr KOR,"FW,MF",Tottenham,27,1992,27.5,11,81,39,48.1,2.94,1.42,0.14,0.28,16.6,1,0,1,8.9,8,0.1,2.1,3
117,Emi Buendía,ar ARG,"FW,MF",Norwich City,22,1996,27.4,1,40,11,27.5,1.46,0.4,0.03,0.09,22.1,10,0,0,2.2,2.2,0.05,-1.2,-1.2
118,John Lundstram,eng ENG,MF,Sheffield Utd,25,1994,27.3,5,44,11,25,1.61,0.4,0.11,0.45,16.9,0,0,0,5.2,5.2,0.12,-0.2,-0.2
119,Moussa Sissoko,fr FRA,MF,Tottenham,29,1989,27.2,2,14,4,28.6,0.51,0.15,0.14,0.5,14.8,0,0,0,2.4,2.4,0.17,-0.4,-0.4
120,Jack Stephens,eng ENG,DF,Southampton,25,1994,27.2,1,6,1,16.7,0.22,0.04,0.17,1,8.6,0,0,0,0.7,0.7,0.12,0.3,0.3
121,Chris Wood,nz NZL,FW,Burnley,27,1991,27.1,14,64,28,43.8,2.36,1.03,0.2,0.46,10.2,0,1,1,13,12.2,0.19,1,0.8
122,Steve Cook,eng ENG,DF,Bournemouth,28,1991,27,1,13,2,15.4,0.48,0.07,0.08,0.5,12.1,0,0,0,0.7,0.7,0.06,0.3,0.3
123,Davinson Sánchez,co COL,DF,Tottenham,23,1996,27,0,8,3,37.5,0.3,0.11,0,0,8.7,0,0,0,0.6,0.6,0.07,-0.6,-0.6
124,Fernandinho,br BRA,DF,Manchester City,34,1985,26.6,0,17,2,11.8,0.64,0.08,0,0,13.2,0,0,0,1.1,1.1,0.06,-1.1,-1.1
125,Kyle Walker,eng ENG,DF,Manchester City,29,1990,26.6,1,13,3,23.1,0.49,0.11,0.08,0.33,26.6,1,0,0,1,1,0.08,0,0
126,Joel Ward,eng ENG,DF,Crystal Palace,29,1989,26.5,0,5,1,20,0.19,0.04,0,0,14,0,0,0,0.3,0.3,0.07,-0.3,-0.3
127,Ben Chilwell,eng ENG,DF,Leicester City,22,1996,26.4,3,15,6,40,0.57,0.23,0.2,0.5,18.1,0,0,0,1,1,0.07,2,2
128,Jorginho,it ITA,MF,Chelsea,27,1991,26.4,4,10,1,10,0.38,0.04,0.1,1,24.1,0,3,3,3.4,1.1,0.11,0.6,-0.1
129,Craig Dawson,eng ENG,DF,Watford,29,1990,26.2,2,23,7,30.4,0.88,0.27,0.09,0.29,9.2,0,0,0,2.3,2.3,0.1,-0.3,-0.3
130,Alexander Tettey,no NOR,"MF,DF",Norwich City,33,1986,26,1,23,3,13,0.89,0.12,0.04,0.33,23.2,0,0,0,0.8,0.8,0.04,0.2,0.2
131,Kurt Zouma,fr FRA,DF,Chelsea,24,1994,26,0,15,5,33.3,0.58,0.19,0,0,11,0,0,0,0.8,0.8,0.05,-0.8,-0.8
132,Diego Rico,es ESP,DF,Bournemouth,26,1993,25.9,0,11,3,27.3,0.42,0.12,0,0,26.8,1,0,0,0.3,0.3,0.03,-0.3,-0.3
133,John McGinn,sct SCO,MF,Aston Villa,24,1994,25.7,3,55,19,34.5,2.14,0.74,0.05,0.16,20.5,0,0,0,3.8,3.8,0.07,-0.8,-0.8
134,Jamal Lewis,nir NIR,DF,Norwich City,21,1998,25.6,1,9,4,44.4,0.35,0.16,0.11,0.25,22.6,0,0,0,0.4,0.4,0.04,0.6,0.6
135,Matt Targett,eng ENG,DF,Aston Villa,23,1995,25.5,1,7,4,57.1,0.27,0.16,0.14,0.25,16.4,1,0,0,0.5,0.5,0.07,0.5,0.5
136,Daniel James,wls WAL,FW,Manchester Utd,21,1997,25.4,3,42,19,45.2,1.65,0.75,0.07,0.16,16.8,0,0,0,3.6,3.6,0.09,-0.6,-0.6
137,Diogo Jota,pt POR,"FW,MF",Wolves,22,1996,25.4,7,69,26,37.7,2.72,1.02,0.1,0.27,13.7,0,0,0,9.6,9.6,0.14,-2.6,-2.6
138,Yerry Mina,co COL,DF,Everton,24,1994,25.4,2,30,10,33.3,1.18,0.39,0.07,0.2,9.6,0,0,0,2.5,2.5,0.08,-0.5,-0.5
139,Sébastien Haller,ci CIV,FW,West Ham,25,1994,25.2,7,55,27,49.1,2.18,1.07,0.13,0.26,10.4,0,0,0,7.7,7.7,0.15,-0.7,-0.7
140,Will Hughes,eng ENG,"MF,FW",Watford,24,1995,25,1,27,3,11.1,1.08,0.12,0.04,0.33,18.1,0,0,0,2.5,2.5,0.09,-1.5,-1.5
141,Christian Kabasele,be BEL,DF,Watford,28,1991,25,0,8,1,12.5,0.32,0.04,0,0,9.4,0,0,0,1.1,1.1,0.13,-1.1,-1.1
142,Kiko Femenía,es ESP,DF,Watford,28,1991,24.9,0,5,1,20,0.2,0.04,0,0,26.7,0,0,0,0.1,0.1,0.02,-0.1,-0.1
143,Ryan Fredericks,eng ENG,DF,West Ham,26,1992,24.9,0,3,0,0,0.12,0,0,,21.7,0,0,0,0.1,0.1,0.05,-0.1,-0.1
144,Jordan Henderson,eng ENG,MF,Liverpool,29,1990,24.9,4,20,8,40,0.8,0.32,0.2,0.5,18.5,0,0,0,1.4,1.4,0.07,2.6,2.6
145,Lucas Moura,br BRA,"FW,MF",Tottenham,26,1992,24.9,4,56,13,23.2,2.25,0.52,0.07,0.31,16.8,0,0,0,5.9,5.9,0.11,-1.9,-1.9
146,Troy Deeney,eng ENG,FW,Watford,31,1988,24.7,10,38,16,42.1,1.54,0.65,0.13,0.31,15.2,0,5,6,9.8,5.2,0.14,0.2,-0.2
147,Isaac Hayden,eng ENG,MF,Newcastle Utd,24,1995,24.7,1,17,3,17.6,0.69,0.12,0.06,0.33,19.7,0,0,0,1.2,1.2,0.07,-0.2,-0.2
148,Harry Winks,eng ENG,MF,Tottenham,23,1996,24.7,0,14,2,14.3,0.57,0.08,0,0,24.3,0,0,0,0.5,0.5,0.03,-0.5,-0.5
149,Tammy Abraham,eng ENG,FW,Chelsea,21,1997,24.6,15,88,35,39.8,3.58,1.42,0.17,0.43,11.1,0,0,0,14.1,14.1,0.16,0.9,0.9
150,Gary Cahill,eng ENG,DF,Crystal Palace,33,1985,24.1,0,20,5,25,0.83,0.21,0,0,11.6,0,0,0,1.3,1.3,0.06,-1.3,-1.3
151,Pablo Fornals,es ESP,"MF,FW",West Ham,23,1996,24.1,2,37,12,32.4,1.53,0.5,0.05,0.17,16.8,0,0,0,2.9,2.9,0.08,-0.9,-0.9
152,Fred,br BRA,MF,Manchester Utd,26,1993,24,0,40,10,25,1.66,0.42,0,0,22.9,3,0,0,2,2,0.05,-2,-2
153,?ukasz Fabia?ski,pl POL,GK,West Ham,34,1985,23.5,0,0,0,,0,0,,,,0,0,0,0,0,,0,0
154,Oliver McBurnie,sct SCO,FW,Sheffield Utd,23,1996,23.5,6,49,24,49,2.09,1.02,0.12,0.25,9.2,0,0,0,7.7,7.7,0.16,-1.7,-1.7
155,Jonjo Shelvey,eng ENG,MF,Newcastle Utd,27,1992,23.5,6,45,14,31.1,1.91,0.59,0.13,0.43,25.6,8,0,0,2.5,2.5,0.05,3.5,3.5
156,Gerard Deulofeu,es ESP,FW,Watford,25,1994,23.3,4,63,22,34.9,2.7,0.94,0.05,0.14,18.5,8,1,1,5.2,4.5,0.07,-1.2,-1.5
157,Aaron Mooy,au AUS,"MF,FW",Brighton,28,1990,23.2,2,33,8,24.2,1.42,0.35,0.06,0.25,19.8,0,0,0,2,2,0.06,0,0
158,Harvey Barnes,eng ENG,"MF,FW",Leicester City,21,1997,23.1,6,61,27,44.3,2.64,1.17,0.1,0.22,16.2,0,0,0,8.7,8.7,0.14,-2.7,-2.7
159,Fabinho,br BRA,MF,Liverpool,25,1993,23.1,2,12,4,33.3,0.52,0.17,0.17,0.5,26.7,2,0,0,0.4,0.4,0.03,1.6,1.6
160,Jamaal Lascelles,eng ENG,DF,Newcastle Utd,25,1993,23.1,1,9,2,22.2,0.39,0.09,0.11,0.5,13.1,0,0,0,0.3,0.3,0.03,0.7,0.7
161,Ryan Fraser,sct SCO,"MF,FW",Bournemouth,25,1994,23,1,27,12,44.4,1.18,0.52,0.04,0.08,17.3,2,0,0,3.3,3.3,0.12,-2.3,-2.3
162,Mateo Kova?i?,hr CRO,MF,Chelsea,25,1994,23,1,21,5,23.8,0.91,0.22,0.05,0.2,19.3,0,0,0,1.4,1.4,0.07,-0.4,-0.4
163,Anwar El Ghazi,nl NED,"FW,MF",Aston Villa,24,1995,22.8,4,50,19,38,2.19,0.83,0.06,0.16,18.2,5,1,1,6,5.2,0.1,-2,-2.2
164,Mason Holgate,eng ENG,DF,Everton,22,1996,22.8,0,12,5,41.7,0.53,0.22,0,0,12.8,0,0,0,2.2,2.2,0.18,-2.2,-2.2
165,Adam Smith,eng ENG,DF,Bournemouth,28,1991,22.8,0,4,1,25,0.18,0.04,0,0,17.9,0,0,0,0.6,0.6,0.14,-0.6,-0.6
166,Frederic Guilbert,fr FRA,DF,Aston Villa,24,1994,22.7,0,8,3,37.5,0.35,0.13,0,0,22.1,0,0,0,0.4,0.4,0.05,-0.4,-0.4
167,Ezri Konsa,eng ENG,DF,Aston Villa,21,1997,22.7,1,11,4,36.4,0.49,0.18,0.09,0.25,11.7,0,0,0,1.6,1.6,0.14,-0.6,-0.6
168,Gabriel Jesus,br BRA,FW,Manchester City,22,1997,22.6,14,102,43,42.2,4.52,1.91,0.14,0.33,10.8,0,0,1,18.5,17.7,0.18,-4.5,-3.7
169,Bernardo Silva,pt POR,"FW,MF",Manchester City,24,1994,22.6,6,49,15,30.6,2.17,0.67,0.12,0.4,14,0,0,0,6.7,6.7,0.14,-0.7,-0.7
170,Tom Davies,eng ENG,MF,Everton,21,1998,22.5,1,17,5,29.4,0.75,0.22,0.06,0.2,15.9,0,0,0,2,2,0.12,-1,-1
171,Ismaila Sarr,sn SEN,"FW,MF",Watford,21,1998,22.5,5,44,13,29.5,1.95,0.58,0.11,0.38,15.1,0,0,0,5.7,5.7,0.13,-0.7,-0.7
172,?lkay Gündo?an,de GER,MF,Manchester City,28,1990,22.4,2,31,6,19.4,1.38,0.27,0.03,0.17,20.7,2,1,2,4.4,2.9,0.09,-2.4,-1.9
173,Jay Rodriguez,eng ENG,FW,Burnley,30,1989,22.4,8,66,26,39.4,2.95,1.16,0.11,0.27,17.1,0,1,1,8,7.2,0.11,0,-0.2
174,Joe Gomez,eng ENG,DF,Liverpool,22,1997,22.3,0,1,0,0,0.04,0,0,,30,0,0,0,0,0,0.02,0,0
175,Joshua King,no NOR,"FW,MF",Bournemouth,27,1992,22.3,6,23,9,39.1,1.03,0.4,0.13,0.33,13.3,0,3,3,6.6,4.3,0.19,-0.6,-1.3
176,Nicolas Pépé,ci CIV,FW,Arsenal,24,1995,22.3,5,49,16,32.7,2.19,0.72,0.08,0.25,19.4,7,1,1,4.5,3.8,0.08,0.5,0.2
177,Ayoze Pérez,es ESP,"MF,FW",Leicester City,26,1993,22.3,8,46,20,43.5,2.07,0.9,0.15,0.35,14,0,1,1,5.7,4.9,0.11,2.3,2.1
178,Leandro Trossard,be BEL,"FW,MF",Brighton,24,1994,22.3,5,42,13,31,1.88,0.58,0.12,0.38,16,0,0,0,4.7,4.7,0.11,0.3,0.3
179,Willy Boly,ci CIV,DF,Wolves,28,1991,22,0,4,3,75,0.18,0.14,0,0,10.3,0,0,0,0.3,0.3,0.07,-0.3,-0.3
180,Trézéguet,eg EGY,"FW,MF",Aston Villa,24,1994,21.7,6,50,17,34,2.31,0.78,0.12,0.35,17.2,3,0,0,3.9,3.9,0.08,2.1,2.1
181,Riyad Mahrez,dz ALG,"FW,MF",Manchester City,28,1991,21.6,11,73,30,41.1,3.38,1.39,0.14,0.33,16.7,6,1,1,7.2,6.4,0.09,3.8,3.6
182,Charlie Taylor,eng ENG,DF,Burnley,25,1993,21.6,0,1,0,0,0.05,0,0,,23.6,0,0,0,0,0,0.03,0,0
183,Jeff Hendrick,ie IRL,MF,Burnley,27,1992,21.5,2,22,6,27.3,1.03,0.28,0.09,0.33,18,1,0,0,1.5,1.5,0.07,0.5,0.5
184,Martín Montoya,es ESP,DF,Brighton,28,1991,21.1,0,8,3,37.5,0.38,0.14,0,0,16.6,0,0,0,1.3,1.3,0.16,-1.3,-1.3
185,Phil Bardsley,sct SCO,DF,Burnley,34,1985,21,0,12,5,41.7,0.57,0.24,0,0,25.7,0,0,0,0.2,0.2,0.02,-0.2,-0.2
186,Erik Pieters,nl NED,"DF,MF",Burnley,30,1988,20.9,0,14,4,28.6,0.67,0.19,0,0,22.4,0,0,0,0.6,0.6,0.04,-0.6,-0.6
187,Alexandre Lacazette,fr FRA,FW,Arsenal,28,1991,20.8,10,53,26,49.1,2.55,1.25,0.19,0.38,11.9,3,0,0,8.5,8.5,0.16,1.5,1.5
188,Oriol Romeu,es ESP,MF,Southampton,27,1991,20.7,0,9,0,0,0.44,0,0,,20.6,0,0,0,0.3,0.3,0.03,-0.3,-0.3
189,Allan Saint-Maximin,fr FRA,"MF,FW",Newcastle Utd,22,1997,20.7,3,46,20,43.5,2.22,0.97,0.07,0.15,22.2,0,0,0,3.2,3.2,0.07,-0.2,-0.2
190,Dele Alli,eng ENG,"MF,FW",Tottenham,23,1996,20.5,8,39,18,46.2,1.9,0.88,0.18,0.39,14.3,0,1,1,7.1,6.3,0.16,0.9,0.7
191,Séamus Coleman,ie IRL,DF,Everton,30,1988,20.4,0,8,3,37.5,0.39,0.15,0,0,16.3,0,0,0,0.7,0.7,0.09,-0.7,-0.7
192,Marvelous Nakamba,zw ZIM,MF,Aston Villa,25,1994,20.4,0,7,1,14.3,0.34,0.05,0,0,28.2,0,0,0,0.2,0.2,0.03,-0.2,-0.2
193,Djibril Sidibé,fr FRA,DF,Everton,27,1992,20.3,0,12,3,25,0.59,0.15,0,0,24.4,0,0,0,0.4,0.4,0.03,-0.4,-0.4
194,David Silva,es ESP,MF,Manchester City,33,1986,20.3,6,46,17,37,2.27,0.84,0.13,0.35,14.2,5,0,0,6.3,6.3,0.14,-0.3,-0.3
195,Adam Masina,ma MAR,DF,Watford,25,1994,20.2,1,15,3,20,0.74,0.15,0.07,0.33,20.8,1,0,0,0.7,0.7,0.05,0.3,0.3
196,David McGoldrick,ie IRL,FW,Sheffield Utd,31,1987,20.2,2,46,19,41.3,2.28,0.94,0.04,0.11,14.3,0,0,0,6.8,6.8,0.15,-4.8,-4.8
197,Hugo Lloris,fr FRA,GK,Tottenham,32,1986,20.1,0,0,0,,0,0,,,,0,0,0,0,0,,0,0
198,Pascal Groß,de GER,"FW,MF",Brighton,28,1991,20,2,29,9,31,1.45,0.45,0.07,0.22,22.1,4,0,0,1.9,1.9,0.07,0.1,0.1
199,Tom Heaton,eng ENG,GK,Aston Villa,33,1986,19.9,0,0,0,,0,0,,,,0,0,0,0,0,,0,0
200,Wesley Moraes,br BRA,FW,Aston Villa,22,1996,19.8,5,35,17,48.6,1.77,0.86,0.14,0.29,12,0,0,1,5,4.2,0.12,0,0.8
201,Scott McTominay,sct SCO,MF,Manchester Utd,22,1996,19.7,4,30,10,33.3,1.52,0.51,0.13,0.4,19.8,0,0,0,1.5,1.5,0.05,2.5,2.5
202,Michail Antonio,eng ENG,FW,West Ham,29,1990,19.6,10,67,30,44.8,3.41,1.53,0.13,0.3,13.4,0,1,1,11.7,10.9,0.16,-1.7,-1.9
203,Andreas Christensen,dk DEN,DF,Chelsea,23,1996,19.5,0,7,2,28.6,0.36,0.1,0,0,11.2,0,0,0,0.7,0.7,0.11,-0.7,-0.7
204,Bukayo Saka,eng ENG,"DF,FW",Arsenal,17,2001,19.5,1,13,4,30.8,0.67,0.21,0.08,0.25,17.5,0,0,0,1.3,1.3,0.1,-0.3,-0.3
205,Mattéo Guendouzi,fr FRA,MF,Arsenal,20,1999,19.4,0,11,5,45.5,0.57,0.26,0,0,21.7,0,0,0,0.6,0.6,0.06,-0.6,-0.6
206,Luke Shaw,eng ENG,DF,Manchester Utd,24,1995,19.3,0,10,5,50,0.52,0.26,0,0,18.6,0,0,0,0.5,0.5,0.05,-0.5,-0.5
207,N'Golo Kanté,fr FRA,MF,Chelsea,28,1991,19.2,3,18,6,33.3,0.94,0.31,0.17,0.5,19.8,0,0,0,1.6,1.6,0.09,1.4,1.4
208,Stuart Armstrong,sct SCO,MF,Southampton,27,1992,19.1,5,46,19,41.3,2.41,1,0.11,0.26,20.4,0,0,0,2.9,2.9,0.06,2.1,2.1
209,Nicolás Otamendi,ar ARG,DF,Manchester City,31,1988,19.1,2,15,7,46.7,0.79,0.37,0.13,0.29,6.8,0,0,0,2.4,2.4,0.16,-0.4,-0.4
210,Christian Pulisic,us USA,FW,Chelsea,20,1998,19.1,9,62,25,40.3,3.24,1.31,0.15,0.36,13.2,0,0,0,8.2,8.2,0.13,0.8,0.8
211,Antonio Rüdiger,de GER,DF,Chelsea,26,1993,19,2,11,3,27.3,0.58,0.16,0.18,0.67,13.9,0,0,0,0.6,0.6,0.05,1.4,1.4
212,Sead Kolašinac,ba BIH,DF,Arsenal,26,1993,18.9,0,4,0,0,0.21,0,0,,12.5,0,0,0,0.7,0.7,0.17,-0.7,-0.7
213,Dani Ceballos,es ESP,MF,Arsenal,22,1996,18.8,0,13,3,23.1,0.69,0.16,0,0,21.6,0,0,0,0.5,0.5,0.04,-0.5,-0.5
214,Sokratis Papastathopoulos,gr GRE,DF,Arsenal,31,1988,18.8,2,7,2,28.6,0.37,0.11,0.29,1,8.7,0,0,0,1,1,0.14,1,1
215,James McCarthy,ie IRL,MF,Crystal Palace,28,1990,18.7,0,11,3,27.3,0.59,0.16,0,0,22.5,0,0,0,0.4,0.4,0.04,-0.4,-0.4
216,Fabian Schär,ch SUI,"DF,MF",Newcastle Utd,27,1991,18.6,2,19,6,31.6,1.02,0.32,0.11,0.33,22.5,1,0,0,1.1,1.1,0.06,0.9,0.9
217,Roberto Pereyra,ar ARG,"FW,MF",Watford,28,1991,18.3,3,19,8,42.1,1.04,0.44,0.11,0.25,18.3,4,1,1,2.5,1.7,0.09,0.5,0.3
218,Dominic Solanke,eng ENG,"FW,MF",Bournemouth,21,1997,18.3,3,35,8,22.9,1.91,0.44,0.09,0.38,13.8,0,0,0,3.7,3.7,0.11,-0.7,-0.7
219,Jan Vertonghen,be BEL,DF,Tottenham,32,1987,18.3,1,4,2,50,0.22,0.11,0.25,0.5,11.3,0,0,0,0.3,0.3,0.07,0.7,0.7
220,Harry Wilson,wls WAL,"MF,FW",Bournemouth,22,1997,18.3,7,54,19,35.2,2.95,1.04,0.13,0.37,19.8,12,0,0,4.5,4.5,0.08,2.5,2.5
221,Paulo Gazzaniga,ar ARG,GK,Tottenham,27,1992,17.9,0,0,0,,0,0,,,,0,0,0,0,0,,0,0
222,Javier Manquillo,es ESP,DF,Newcastle Utd,25,1994,17.8,0,1,0,0,0.06,0,0,,12.2,0,0,0,0.1,0.1,0.05,-0.1,-0.1
223,Alex Iwobi,ng NGA,"MF,FW",Everton,23,1996,17.7,1,23,9,39.1,1.3,0.51,0.04,0.11,17,0,0,0,2.4,2.4,0.1,-1.4,-1.4
224,Nemanja Mati?,rs SRB,MF,Manchester Utd,30,1988,17.6,0,7,2,28.6,0.4,0.11,0,0,25.3,0,0,0,0.2,0.2,0.04,-0.2,-0.2
225,James Tomkins,eng ENG,DF,Crystal Palace,30,1989,17.6,1,9,2,22.2,0.51,0.11,0.11,0.5,7.9,0,0,0,1.2,1.2,0.13,-0.2,-0.2
226,Kortney Hause,eng ENG,DF,Aston Villa,24,1995,17.2,1,20,3,15,1.17,0.17,0.05,0.33,7.5,0,0,0,2.1,2.1,0.11,-1.1,-1.1
227,Martin Kelly,eng ENG,DF,Crystal Palace,29,1990,17.2,0,3,0,0,0.17,0,0,,19.8,0,0,0,0.1,0.1,0.03,-0.1,-0.1
228,Jack Stacey,eng ENG,DF,Bournemouth,23,1996,17.2,0,5,2,40,0.29,0.12,0,0,11.5,0,0,0,0.3,0.3,0.05,-0.3,-0.3
229,Conor Hourihane,ie IRL,MF,Aston Villa,28,1991,17,3,29,10,34.5,1.7,0.59,0.1,0.3,20.5,4,0,0,1.6,1.6,0.06,1.4,1.4
230,Matthew Lowton,eng ENG,DF,Burnley,30,1989,17,0,0,0,,0,0,,,,0,0,0,0,0,,0,0
231,Reece James,eng ENG,DF,Chelsea,19,1999,16.8,0,18,3,16.7,1.07,0.18,0,0,20.2,0,0,0,0.7,0.7,0.04,-0.7,-0.7
232,Adrian Mariappa,jm JAM,DF,Watford,32,1986,16.8,0,3,0,0,0.18,0,0,,8.4,0,0,0,0.3,0.3,0.08,-0.3,-0.3
233,Robert Snodgrass,sct SCO,"MF,FW",West Ham,31,1987,16.8,5,21,10,47.6,1.25,0.6,0.24,0.5,16.3,0,0,0,2.8,2.8,0.13,2.2,2.2
234,Lucas Torreira,uy URU,MF,Arsenal,23,1996,16.8,1,21,6,28.6,1.25,0.36,0.05,0.17,17.5,0,0,0,1.6,1.6,0.08,-0.6,-0.6
235,Felipe Anderson,br BRA,"MF,FW",West Ham,26,1993,16.6,1,23,8,34.8,1.38,0.48,0.04,0.13,16.7,0,0,0,2.5,2.5,0.11,-1.5,-1.5
236,Giovani Lo Celso,ar ARG,"MF,FW",Tottenham,23,1996,16.6,0,18,3,16.7,1.09,0.18,0,0,20.6,1,0,0,1.2,1.2,0.07,-1.2,-1.2
237,Benjamin Mendy,fr FRA,DF,Manchester City,25,1994,16.6,0,10,1,10,0.6,0.06,0,0,22.1,0,0,0,0.3,0.3,0.03,-0.3,-0.3
238,Jannik Vestergaard,dk DEN,DF,Southampton,26,1992,16.6,1,10,5,50,0.6,0.3,0.1,0.2,11.7,0,0,0,0.8,0.8,0.08,0.2,0.2
239,Jetro Willems,nl NED,DF,Newcastle Utd,25,1994,16.6,2,14,6,42.9,0.84,0.36,0.14,0.33,19.5,0,0,0,0.6,0.6,0.04,1.4,1.4
240,Alex Oxlade-Chamberlain,eng ENG,"MF,FW",Liverpool,25,1993,16.5,4,40,10,25,2.42,0.61,0.1,0.4,22,0,0,0,2.9,2.9,0.07,1.1,1.1
241,Andreas Pereira,br BRA,"MF,FW",Manchester Utd,23,1996,16.5,1,37,14,37.8,2.24,0.85,0.03,0.07,22.4,3,0,0,2.3,2.3,0.06,-1.3,-1.3
242,André Gomes,pt POR,MF,Everton,26,1993,16.2,0,5,0,0,0.31,0,0,,22.7,0,0,0,0.2,0.2,0.05,-0.2,-0.2
243,Sergio Agüero,ar ARG,FW,Manchester City,31,1988,16.1,16,73,25,34.2,4.52,1.55,0.19,0.56,12.9,0,2,3,14,11.8,0.16,2,2.2
244,Björn Engels,be BEL,DF,Aston Villa,24,1994,16.1,1,7,1,14.3,0.44,0.06,0.14,1,6.2,0,0,0,0.8,0.8,0.11,0.2,0.2
245,Mesut Özil,de GER,MF,Arsenal,30,1988,16,1,9,3,33.3,0.56,0.19,0.11,0.33,12.8,0,0,0,1.3,1.3,0.15,-0.3,-0.3
246,Marcos Alonso,es ESP,DF,Chelsea,28,1990,15.9,4,30,8,26.7,1.89,0.5,0.13,0.5,16.9,1,0,0,2,2,0.07,2,2
247,Ben Davies,wls WAL,DF,Tottenham,26,1993,15.9,0,7,1,14.3,0.44,0.06,0,0,23.1,0,0,0,0.2,0.2,0.03,-0.2,-0.2
248,Christoph Zimmermann,de GER,DF,Norwich City,26,1993,15.9,0,6,1,16.7,0.38,0.06,0,0,14.7,0,0,0,0.3,0.3,0.05,-0.3,-0.3
249,Shane Long,ie IRL,FW,Southampton,32,1987,15.5,2,33,13,39.4,2.13,0.84,0.06,0.15,10.9,0,0,0,4.8,4.8,0.14,-2.8,-2.8
250,Onel Hernández,cu CUB,"FW,MF",Norwich City,26,1993,15.4,1,30,9,30,1.95,0.59,0.03,0.11,17.5,0,0,0,2.5,2.5,0.08,-1.5,-1.5
251,Ainsley Maitland-Niles,eng ENG,DF,Arsenal,21,1997,15.4,0,4,1,25,0.26,0.06,0,0,18.2,0,0,0,0.3,0.3,0.08,-0.3,-0.3
252,Manuel Lanzini,ar ARG,"MF,FW",West Ham,26,1993,15.3,0,23,7,30.4,1.5,0.46,0,0,18.1,3,0,0,2,2,0.09,-2,-2
253,Sean Longstaff,eng ENG,MF,Newcastle Utd,21,1997,15.3,1,26,6,23.1,1.7,0.39,0.04,0.17,24,3,0,0,0.9,0.9,0.04,0.1,0.1
254,Ashley Barnes,eng ENG,FW,Burnley,29,1989,15,6,39,11,28.2,2.6,0.73,0.13,0.45,15.3,0,1,1,5.6,4.8,0.12,0.4,0.2
255,Lewis Cook,eng ENG,MF,Bournemouth,22,1997,15,0,9,2,22.2,0.6,0.13,0,0,23,0,0,0,0.3,0.3,0.03,-0.3,-0.3
256,Eric Dier,eng ENG,"DF,MF",Tottenham,25,1994,14.9,0,8,1,12.5,0.54,0.07,0,0,14,1,0,0,1,1,0.12,-1,-1
257,Mason Greenwood,eng ENG,FW,Manchester Utd,17,2001,14.7,10,38,20,52.6,2.59,1.36,0.26,0.5,16.4,0,0,0,3.6,3.6,0.1,6.4,6.4
258,Matt Ritchie,sct SCO,"DF,MF",Newcastle Utd,29,1989,14.6,2,25,6,24,1.71,0.41,0.08,0.33,23.7,1,0,1,1.6,0.8,0.03,0.4,1.2
259,Cédric Soares,pt POR,DF,Southampton,27,1991,14.5,0,10,4,40,0.69,0.28,0,0,19.6,0,0,0,0.6,0.6,0.06,-0.6,-0.6
260,Sam Byram,eng ENG,DF,Norwich City,25,1993,14.4,0,16,2,12.5,1.11,0.14,0,0,11.3,0,0,0,1.2,1.2,0.07,-1.2,-1.2
261,Andros Townsend,eng ENG,MF,Crystal Palace,28,1991,14.4,1,12,5,41.7,0.83,0.35,0.08,0.2,24.9,1,0,0,0.4,0.4,0.03,0.6,0.6
262,Fikayo Tomori,eng ENG,DF,Chelsea,21,1997,14.3,1,7,3,42.9,0.49,0.21,0.14,0.33,13.6,0,0,0,0.6,0.6,0.08,0.4,0.4
263,Theo Walcott,eng ENG,"MF,FW",Everton,30,1989,14.3,2,28,10,35.7,1.96,0.7,0.07,0.2,15.9,0,0,0,2.8,2.8,0.1,-0.8,-0.8
264,Bernard,br BRA,"MF,FW",Everton,26,1992,14.2,3,12,4,33.3,0.84,0.28,0.25,0.75,15.7,1,0,0,1.1,1.1,0.09,1.9,1.9
265,Oleksandr Zinchenko,ua UKR,DF,Manchester City,22,1996,14.2,0,16,3,18.8,1.13,0.21,0,0,25.6,0,0,0,0.4,0.4,0.03,-0.4,-0.4
266,Scott Dann,eng ENG,DF,Crystal Palace,32,1987,14.1,0,8,2,25,0.57,0.14,0,0,8.7,0,0,0,0.4,0.4,0.05,-0.4,-0.4
267,Christian Benteke,be BEL,FW,Crystal Palace,28,1990,14,2,42,19,45.2,3,1.36,0.05,0.11,12.3,0,0,0,5.1,5.1,0.12,-3.1,-3.1
268,Yves Bissouma,ml MLI,MF,Brighton,22,1996,14,1,16,6,37.5,1.14,0.43,0.06,0.17,28,0,0,0,0.4,0.4,0.03,0.6,0.6
269,Aaron Connolly,ie IRL,FW,Brighton,19,2000,14,3,38,13,34.2,2.72,0.93,0.08,0.23,15.9,0,0,0,3.2,3.2,0.08,-0.2,-0.2
270,Dan Gosling,eng ENG,MF,Bournemouth,29,1990,14,3,12,6,50,0.85,0.43,0.25,0.5,10.9,0,0,0,2.1,2.1,0.18,0.9,0.9
271,Grant Hanley,sct SCO,DF,Norwich City,27,1991,14,0,7,2,28.6,0.5,0.14,0,0,9.3,0,0,0,0.5,0.5,0.07,-0.5,-0.5
272,Shane Duffy,ie IRL,DF,Brighton,27,1992,13.8,1,6,1,16.7,0.44,0.07,0.17,1,11.4,0,0,0,1.5,1.5,0.25,-0.5,-0.5
273,Lys Mousset,fr FRA,FW,Sheffield Utd,23,1996,13.8,6,35,9,25.7,2.54,0.65,0.17,0.67,15.9,0,0,0,4.9,4.9,0.14,1.1,1.1
274,Paul Dummett,wls WAL,DF,Newcastle Utd,27,1991,13.6,0,1,1,100,0.07,0.07,0,0,7.8,0,0,0,0,0,0.04,0,0
275,Érik Lamela,ar ARG,"MF,FW",Tottenham,27,1992,13.5,2,29,8,27.6,2.15,0.59,0.07,0.25,18.5,4,0,0,2.7,2.7,0.1,-0.7,-0.7
276,João Cancelo,pt POR,DF,Manchester City,25,1994,13.4,0,15,4,26.7,1.12,0.3,0,0,23.8,0,0,0,0.5,0.5,0.03,-0.5,-0.5
277,Shkodran Mustafi,de GER,DF,Arsenal,27,1992,13.4,0,11,3,27.3,0.82,0.22,0,0,8.7,0,0,0,0.8,0.8,0.07,-0.8,-0.8
278,Paul Pogba,fr FRA,MF,Manchester Utd,26,1993,13.4,1,21,7,33.3,1.57,0.52,0.05,0.14,21.2,2,0,1,2,1.2,0.06,-1,-0.2
279,Steven Alzate,co COL,"MF,DF",Brighton,20,1998,13.2,0,13,3,23.1,0.98,0.23,0,0,16.8,0,0,0,1.2,1.2,0.09,-1.2,-1.2
280,Ciaran Clark,ie IRL,DF,Newcastle Utd,29,1989,13.2,2,6,4,66.7,0.46,0.3,0.33,0.5,8.2,0,0,0,1.3,1.3,0.22,0.7,0.7
281,Fabian Delph,eng ENG,MF,Everton,29,1989,13.2,0,3,0,0,0.23,0,0,,29.4,0,0,0,0.1,0.1,0.02,-0.1,-0.1
282,Bruno Fernandes,pt POR,MF,Manchester Utd,24,1994,13.2,8,40,14,35,3.04,1.06,0.1,0.29,24.2,7,4,4,5.8,2.8,0.07,2.2,1.2
283,Fabián Balbuena,py PAR,DF,West Ham,27,1991,13.1,1,10,4,40,0.76,0.31,0.1,0.25,7.2,0,0,0,1.7,1.7,0.17,-0.7,-0.7
284,Marco Stiepermann,de GER,MF,Norwich City,28,1991,13.1,0,19,5,26.3,1.45,0.38,0,0,17.1,0,0,0,1.5,1.5,0.08,-1.5,-1.5
285,Héctor Bellerín,es ESP,DF,Arsenal,24,1995,12.9,1,7,2,28.6,0.54,0.16,0.14,0.5,16.9,0,0,0,0.5,0.5,0.07,0.5,0.5
286,Solly March,eng ENG,"DF,FW",Brighton,25,1994,12.7,0,21,8,38.1,1.65,0.63,0,0,18.5,1,0,0,1.4,1.4,0.07,-1.4,-1.4
287,Dennis Praet,be BEL,MF,Leicester City,25,1994,12.6,1,16,3,18.8,1.27,0.24,0.06,0.33,18.6,0,0,0,1.4,1.4,0.08,-0.4,-0.4
288,Tom Trybull,de GER,MF,Norwich City,26,1993,12.6,0,11,2,18.2,0.88,0.16,0,0,17.3,0,0,0,0.4,0.4,0.04,-0.4,-0.4
289,John Stones,eng ENG,DF,Manchester City,25,1994,12.5,0,6,1,16.7,0.48,0.08,0,0,7.9,0,0,0,0.6,0.6,0.1,-0.6,-0.6
290,Che Adams,sct SCO,FW,Southampton,23,1996,12.3,4,37,9,24.3,3,0.73,0.11,0.44,15.2,0,0,0,4,4,0.11,0,0
291,Ross Barkley,eng ENG,MF,Chelsea,25,1993,12.3,1,40,12,30,3.26,0.98,0.03,0.08,21.9,4,0,0,2.2,2.2,0.05,-1.2,-1.2
292,Calum Chambers,eng ENG,DF,Arsenal,24,1995,12.2,1,12,2,16.7,0.98,0.16,0.08,0.5,11.6,0,0,0,0.7,0.7,0.06,0.3,0.3
293,Christian Eriksen,dk DEN,"MF,FW",Tottenham,27,1992,12.2,2,26,9,34.6,2.13,0.74,0.08,0.22,24.2,7,0,0,1.9,1.9,0.07,0.1,0.1
294,Aymeric Laporte,es ESP,DF,Manchester City,25,1994,12.2,1,4,1,25,0.33,0.08,0.25,1,16.4,0,0,0,0.3,0.3,0.08,0.7,0.7
295,Neil Taylor,wls WAL,DF,Aston Villa,30,1989,12.1,0,3,0,0,0.25,0,0,,15.1,0,0,0,0.3,0.3,0.1,-0.3,-0.3
296,Pepe Reina,es ESP,GK,Aston Villa,36,1982,12,0,0,0,,0,0,,,,0,0,0,0,0,,0,0
297,Billy Sharp,eng ENG,FW,Sheffield Utd,33,1986,11.7,3,14,5,35.7,1.2,0.43,0.21,0.6,9.5,0,0,0,2.7,2.7,0.19,0.3,0.3
298,Tomáš Sou?ek,cz CZE,MF,West Ham,24,1995,11.6,3,19,7,36.8,1.64,0.61,0.16,0.43,12.1,0,0,0,2.2,2.2,0.12,0.8,0.8
299,Ahmed Elmohamady,eg EGY,DF,Aston Villa,31,1987,11.5,1,5,1,20,0.44,0.09,0.2,1,11.1,0,0,0,0.2,0.2,0.04,0.8,0.8
300,Jeffrey Schlupp,gh GHA,MF,Crystal Palace,26,1992,11.5,3,18,9,50,1.56,0.78,0.17,0.33,18.9,0,0,0,1.7,1.7,0.09,1.3,1.3
301,José Holebas,gr GRE,DF,Watford,35,1984,11.4,0,6,3,50,0.53,0.26,0,0,18.8,1,0,0,0.5,0.5,0.08,-0.5,-0.5
302,Emerson Palmieri,it ITA,DF,Chelsea,24,1994,11.4,0,13,7,53.8,1.14,0.62,0,0,19.9,1,0,0,1,1,0.07,-1,-1
303,Emil Krafth,se SWE,DF,Newcastle Utd,24,1994,11.3,0,4,0,0,0.35,0,0,,13.2,0,0,0,0.3,0.3,0.07,-0.3,-0.3
304,James Justin,eng ENG,DF,Leicester City,21,1998,11.2,0,7,0,0,0.62,0,0,,19.8,0,0,0,0.4,0.4,0.06,-0.4,-0.4
305,Tanguy Ndombele,fr FRA,MF,Tottenham,22,1996,11.2,2,9,4,44.4,0.8,0.36,0.22,0.5,25.4,0,0,0,0.4,0.4,0.05,1.6,1.6
306,Brandon Williams,eng ENG,DF,Manchester Utd,18,2000,11.2,1,6,2,33.3,0.54,0.18,0.17,0.5,13,0,0,0,0.7,0.7,0.12,0.3,0.3
307,Morgan Schneiderlin,fr FRA,MF,Everton,29,1989,11.1,0,6,0,0,0.54,0,0,,19.9,0,0,0,0.3,0.3,0.05,-0.3,-0.3
308,Olivier Giroud,fr FRA,FW,Chelsea,32,1986,11,8,39,19,48.7,3.53,1.72,0.21,0.42,10.9,1,0,0,6.7,6.7,0.17,1.3,1.3
309,Kieran Tierney,sct SCO,DF,Arsenal,22,1997,11,1,6,2,33.3,0.55,0.18,0.17,0.5,19.8,0,0,0,0.3,0.3,0.04,0.7,0.7
310,Andriy Yarmolenko,ua UKR,"MF,FW",West Ham,29,1989,11,5,26,12,46.2,2.36,1.09,0.19,0.42,17.5,2,0,0,2.1,2.1,0.08,2.9,2.9
311,Tom Cleverley,eng ENG,MF,Watford,29,1989,10.8,1,17,5,29.4,1.58,0.46,0.06,0.2,16.9,0,0,0,1.6,1.6,0.09,-0.6,-0.6
312,Simon Francis,eng ENG,DF,Bournemouth,34,1985,10.8,0,3,0,0,0.28,0,0,,12.4,0,0,0,0.2,0.2,0.07,-0.2,-0.2
313,Kelechi Iheanacho,ng NGA,"FW,MF",Leicester City,22,1996,10.7,5,34,18,52.9,3.19,1.69,0.15,0.28,15.1,0,0,0,4.8,4.8,0.14,0.2,0.2
314,Ashley Young,eng ENG,DF,Manchester Utd,34,1985,10.6,0,3,0,0,0.28,0,0,,20.9,0,0,0,0.1,0.1,0.04,-0.1,-0.1
315,Sander Berge,no NOR,MF,Sheffield Utd,21,1998,10.5,1,5,2,40,0.48,0.19,0.2,0.5,13,0,0,0,0.5,0.5,0.09,0.5,0.5
316,Mbwana Samatta,tz TAN,FW,Aston Villa,26,1992,10.5,1,17,3,17.6,1.62,0.29,0.06,0.33,10.1,0,0,0,1.9,1.9,0.11,-0.9,-0.9
317,Jesse Lingard,eng ENG,"MF,FW",Manchester Utd,26,1992,10.4,1,22,6,27.3,2.12,0.58,0.05,0.17,17.9,0,0,0,2.7,2.7,0.12,-1.7,-1.7
318,Arthur Masuaku,cd COD,DF,West Ham,25,1993,10.4,0,5,2,40,0.48,0.19,0,0,29.2,0,0,0,0.1,0.1,0.02,-0.1,-0.1
319,James Milner,eng ENG,"MF,DF",Liverpool,33,1986,10.4,2,10,1,10,0.96,0.1,0,0,24.7,0,2,2,2.1,0.6,0.06,-0.1,-0.6
320,Pedro Neto,pt POR,"FW,MF",Wolves,19,2000,10.4,3,17,6,35.3,1.63,0.58,0.18,0.5,16.4,0,0,0,2,2,0.12,1,1
321,DeAndre Yedlin,us USA,DF,Newcastle Utd,26,1993,10.4,1,1,1,100,0.1,0.1,1,1,4.1,0,0,0,0.7,0.7,0.68,0.3,0.3
322,Nathaniel Chalobah,eng ENG,MF,Watford,24,1994,10.3,0,9,0,0,0.87,0,0,,21.6,2,0,0,0.4,0.4,0.05,-0.4,-0.4
323,Moussa Djenepo,ml MLI,"MF,DF",Southampton,21,1998,10.3,2,20,7,35,1.94,0.68,0.1,0.29,17.4,0,0,0,2.7,2.7,0.14,-0.7,-0.7
324,Mamadou Sakho,fr FRA,DF,Crystal Palace,29,1990,10.3,0,0,0,,0,0,,,,0,0,0,0,0,,0,0
325,Jarrod Bowen,eng ENG,FW,West Ham,22,1996,10.2,1,24,7,29.2,2.36,0.69,0.04,0.14,17.9,0,0,0,1.7,1.7,0.07,-0.7,-0.7
326,Chris Mepham,wls WAL,DF,Bournemouth,21,1997,10.1,1,6,1,16.7,0.59,0.1,0.17,1,8.6,0,0,0,0.7,0.7,0.11,0.3,0.3
327,Phil Foden,eng ENG,"FW,MF",Manchester City,19,2000,10,5,34,14,41.2,3.4,1.4,0.15,0.36,16,0,0,0,4.3,4.3,0.13,0.7,0.7
328,Angus Gunn,eng ENG,GK,Southampton,23,1996,10,0,0,0,,0,0,,,,0,0,0,0,0,,0,0
329,Hamza Choudhury,eng ENG,MF,Leicester City,21,1997,9.9,1,7,2,28.6,0.71,0.2,0.14,0.5,16.1,0,0,0,0.5,0.5,0.07,0.5,0.5
330,Danny Rose,eng ENG,DF,Tottenham,29,1990,9.9,0,2,0,0,0.2,0,0,,18.7,0,0,0,0.2,0.2,0.08,-0.2,-0.2
331,Adrián,es ESP,GK,Liverpool,32,1987,9.7,0,0,0,,0,0,,,,0,0,0,0,0,,0,0
332,Marc Albrighton,eng ENG,"MF,DF",Leicester City,29,1989,9.6,0,10,2,20,1.04,0.21,0,0,20.7,0,0,0,0.6,0.6,0.06,-0.6,-0.6
333,Callum Hudson-Odoi,eng ENG,FW,Chelsea,18,2000,9.6,1,22,4,18.2,2.29,0.42,0.05,0.25,17.4,0,0,0,1.7,1.7,0.08,-0.7,-0.7
334,Danny Rose,eng ENG,DF,Newcastle Utd,29,1990,9.6,0,0,0,,0,0,,,,0,0,0,0,0,,0,0
335,Moise Kean,it ITA,FW,Everton,19,2000,9.5,2,30,13,43.3,3.17,1.37,0.07,0.15,15.6,0,0,0,4.1,4.1,0.14,-2.1,-2.1
336,Joe Willock,eng ENG,"MF,FW",Arsenal,19,1999,9.5,1,14,4,28.6,1.47,0.42,0.07,0.25,15.3,0,0,0,2.3,2.3,0.17,-1.3,-1.3
337,Dwight Gayle,eng ENG,FW,Newcastle Utd,28,1990,9.4,4,23,10,43.5,2.44,1.06,0.17,0.4,11.7,1,0,0,4.4,4.4,0.19,-0.4,-0.4
338,Naby Keïta,gn GUI,MF,Liverpool,24,1995,9.1,2,12,7,58.3,1.33,0.77,0.17,0.29,18.4,0,0,0,1.5,1.5,0.13,0.5,0.5
339,Mat?j Vydra,cz CZE,FW,Burnley,27,1992,9.1,2,18,10,55.6,1.98,1.1,0.11,0.2,12.7,0,0,0,3.7,3.7,0.21,-1.7,-1.7
340,Danny Welbeck,eng ENG,"FW,MF",Watford,28,1990,9.1,2,21,9,42.9,2.3,0.99,0.1,0.22,10.7,0,0,0,3.3,3.3,0.16,-1.3,-1.3
341,Josh Brownhill,eng ENG,MF,Burnley,23,1995,8.9,0,5,0,0,0.56,0,0,,15.5,0,0,0,0.4,0.4,0.07,-0.4,-0.4
342,Glenn Murray,eng ENG,FW,Brighton,35,1983,8.9,1,17,4,23.5,1.92,0.45,0.06,0.25,13.8,0,0,0,2.1,2.1,0.13,-1.1,-1.1
343,Eric García,es ESP,DF,Manchester City,18,2001,8.8,0,2,1,50,0.23,0.11,0,0,6.5,0,0,0,0.5,0.5,0.26,-0.5,-0.5
344,Yan Valery,fr FRA,DF,Southampton,20,1999,8.7,0,3,2,66.7,0.35,0.23,0,0,16.2,0,0,0,0.4,0.4,0.12,-0.4,-0.4
345,Christian Fuchs,at AUT,DF,Leicester City,33,1986,8.6,0,5,1,20,0.58,0.12,0,0,26.1,2,0,0,0.2,0.2,0.03,-0.2,-0.2
346,Dejan Lovren,hr CRO,DF,Liverpool,30,1989,8.6,0,5,1,20,0.58,0.12,0,0,8,0,0,0,0.3,0.3,0.06,-0.3,-0.3
347,Emiliano Martínez,ar ARG,GK,Arsenal,26,1992,8.6,0,0,0,,0,0,,,,0,0,0,0,0,,0,0
348,Sofiane Boufal,ma MAR,"MF,FW",Southampton,25,1993,8.5,0,21,7,33.3,2.47,0.82,0,0,20,0,0,0,1,1,0.05,-1,-1
349,Jaïro Riedewald,nl NED,"DF,MF",Crystal Palace,22,1996,8.5,0,3,0,0,0.35,0,0,,27.4,0,0,0,0,0,0.02,0,0
350,Ibrahim Amadou,fr FRA,"DF,MF",Norwich City,26,1993,8.4,0,6,1,16.7,0.71,0.12,0,0,16.5,0,0,0,1,1,0.16,-1,-1
351,Andre Gray,jm JAM,FW,Watford,28,1991,8.4,2,19,6,31.6,2.26,0.72,0.11,0.33,11.8,0,0,0,2.8,2.8,0.15,-0.8,-0.8
352,Juan Mata,es ESP,"MF,FW",Manchester Utd,31,1988,8.4,0,9,1,11.1,1.07,0.12,0,0,17.8,2,0,0,1.1,1.1,0.13,-1.1,-1.1
353,Christian Atsu,gh GHA,"FW,MF",Newcastle Utd,27,1992,8.3,0,5,1,20,0.6,0.12,0,0,19.7,0,0,0,0.2,0.2,0.04,-0.2,-0.2
354,Nabil Bentaleb,dz ALG,MF,Newcastle Utd,24,1994,8.3,0,4,0,0,0.48,0,0,,27.4,0,0,0,0.1,0.1,0.02,-0.1,-0.1
355,Ondrej Duda,sk SVK,MF,Norwich City,24,1994,8,0,10,3,30,1.24,0.37,0,0,20.4,2,0,0,0.7,0.7,0.07,-0.7,-0.7
356,Divock Origi,be BEL,FW,Liverpool,24,1995,8,4,14,6,42.9,1.76,0.75,0.29,0.67,15.9,0,0,0,2.2,2.2,0.16,1.8,1.8
357,Junior Stanislas,eng ENG,"MF,DF",Bournemouth,29,1989,7.9,3,16,6,37.5,2.02,0.76,0.13,0.33,20.5,3,1,1,1.6,0.8,0.05,1.4,1.2
358,Steven Bergwijn,nl NED,"FW,MF",Tottenham,21,1997,7.8,3,9,4,44.4,1.15,0.51,0.33,0.75,15,0,0,0,1.2,1.2,0.13,1.8,1.8
359,Joël Matip,cm CMR,DF,Liverpool,27,1991,7.8,1,4,1,25,0.51,0.13,0.25,1,9.3,0,0,0,0.3,0.3,0.08,0.7,0.7
360,Kyle Walker-Peters,eng ENG,DF,Southampton,22,1997,7.8,0,2,0,0,0.26,0,0,,17,0,0,0,0.1,0.1,0.04,-0.1,-0.1
361,Lukas Rupp,de GER,"FW,MF",Norwich City,28,1991,7.7,0,4,2,50,0.52,0.26,0,0,16.1,0,0,0,0.3,0.3,0.08,-0.3,-0.3
362,Moritz Leitner,de GER,MF,Norwich City,26,1992,7.6,0,8,0,0,1.05,0,0,,22,0,0,0,0.2,0.2,0.03,-0.2,-0.2
363,Roberto,es ESP,GK,West Ham,33,1986,7.6,0,0,0,,0,0,,,,0,0,0,0,0,,0,0
364,Bernardo,br BRA,DF,Brighton,24,1995,7.5,0,7,2,28.6,0.93,0.27,0,0,18.1,0,0,0,0.2,0.2,0.04,-0.2,-0.2
365,Callum Robinson,ie IRL,"FW,MF",Sheffield Utd,24,1995,7.5,1,13,3,23.1,1.73,0.4,0.08,0.33,13.5,0,0,0,2.1,2.1,0.16,-1.1,-1.1
366,Martinelli,br BRA,FW,Arsenal,18,2001,7.4,3,12,5,41.7,1.63,0.68,0.25,0.6,13.2,0,0,0,2.3,2.3,0.19,0.7,0.7
367,Michael Obafemi,ie IRL,FW,Southampton,19,2000,7.4,3,12,4,33.3,1.62,0.54,0.25,0.75,14.3,0,0,0,1.9,1.9,0.16,1.1,1.1
368,Max Meyer,de GER,"MF,FW",Crystal Palace,23,1995,7.3,0,9,2,22.2,1.24,0.27,0,0,17,0,0,0,0.6,0.6,0.07,-0.6,-0.6
369,Pedro,es ESP,FW,Chelsea,32,1987,7.3,1,23,9,39.1,3.13,1.23,0.04,0.11,15.7,0,0,0,2.8,2.8,0.12,-1.8,-1.8
370,Josip Drmi?,ch SUI,"FW,MF",Norwich City,26,1992,7.2,1,13,5,38.5,1.81,0.7,0.08,0.2,13.2,0,0,0,2.6,2.6,0.23,-1.6,-1.6
371,Rúben Vinagre,pt POR,DF,Wolves,20,1999,7.2,0,5,0,0,0.69,0,0,,13,0,0,0,0.3,0.3,0.07,-0.3,-0.3
372,Lloyd Kelly,eng ENG,DF,Bournemouth,20,1998,7.1,0,1,0,0,0.14,0,0,,20,0,0,0,0,0,0.03,0,0
373,Mario Vran?i?,ba BIH,MF,Norwich City,30,1989,7.1,1,14,3,21.4,1.98,0.42,0.07,0.33,18.2,2,0,0,1.7,1.7,0.12,-0.7,-0.7
374,Andy Carroll,eng ENG,FW,Newcastle Utd,30,1989,7,0,15,3,20,2.14,0.43,0,0,13.8,0,0,0,0.9,0.9,0.06,-0.9,-0.9
375,Arnaut Groeneveld,nl NED,MF,Bournemouth,22,1997,7,0,13,4,30.8,1.86,0.57,0,0,18.7,1,0,0,1,1,0.08,-1,-1
376,Reiss Nelson,eng ENG,FW,Arsenal,19,1999,7,1,11,4,36.4,1.57,0.57,0.09,0.25,16.8,0,0,0,0.9,0.9,0.08,0.1,0.1
377,Eddie Nketiah,eng ENG,FW,Arsenal,20,1999,7,2,15,5,33.3,2.13,0.71,0.13,0.4,12.3,0,0,0,3.1,3.1,0.21,-1.1,-1.1
378,Jóhann Berg Guðmundsson,is ISL,MF,Burnley,28,1990,6.9,1,11,2,18.2,1.59,0.29,0.09,0.5,14.5,2,0,0,1.1,1.1,0.1,-0.1,-0.1
379,Demarai Gray,eng ENG,"MF,FW",Leicester City,23,1996,6.9,2,21,6,28.6,3.04,0.87,0.1,0.33,19.8,3,0,1,2.5,1.7,0.08,-0.5,0.3
380,Ryan Bennett,eng ENG,DF,Wolves,29,1990,6.7,0,0,0,,0,0,,,,0,0,0,0,0,,0,0
381,Daryl Janmaat,nl NED,DF,Watford,30,1989,6.7,0,4,0,0,0.59,0,0,,17.7,0,0,0,0.3,0.3,0.08,-0.3,-0.3
382,Ben Osborn,eng ENG,"MF,DF",Sheffield Utd,24,1994,6.6,0,3,1,33.3,0.45,0.15,0,0,12.3,0,0,0,0.3,0.3,0.11,-0.3,-0.3
383,Pablo Zabaleta,ar ARG,DF,West Ham,34,1985,6.6,0,1,0,0,0.15,0,0,,12.2,0,0,0,0,0,0.04,0,0
384,Rob Holding,eng ENG,DF,Arsenal,23,1995,6.5,0,1,0,0,0.15,0,0,,5.8,0,0,0,0.1,0.1,0.06,-0.1,-0.1
385,Timm Klose,ch SUI,DF,Norwich City,31,1988,6.5,0,3,0,0,0.46,0,0,,10,0,0,0,0.4,0.4,0.13,-0.4,-0.4
386,Tariq Lamptey,eng ENG,DF,Brighton,18,2000,6.5,0,2,0,0,0.31,0,0,,24.4,0,0,0,0.1,0.1,0.04,-0.1,-0.1
387,Matthew Longstaff,eng ENG,MF,Newcastle Utd,19,2000,6.4,2,4,2,50,0.63,0.31,0.5,1,19.4,0,0,0,0.4,0.4,0.11,1.6,1.6
388,Kevin Long,ie IRL,DF,Burnley,28,1990,6.3,0,2,0,0,0.32,0,0,,10.5,0,0,0,0.2,0.2,0.09,-0.2,-0.2
389,Maya Yoshida,jp JPN,DF,Southampton,30,1988,6.2,0,4,3,75,0.64,0.48,0,0,12.6,0,0,0,0.5,0.5,0.12,-0.5,-0.5
390,Keinan Davis,eng ENG,FW,Aston Villa,21,1998,6.1,0,16,5,31.3,2.63,0.82,0,0,9.4,0,0,0,1.9,1.9,0.12,-1.9,-1.9
391,Ørjan Nyland,no NOR,GK,Aston Villa,28,1990,6,0,0,0,,0,0,,,,0,0,0,0,0,,0,0
392,Japhet Tanganga,eng ENG,DF,Tottenham,20,1999,5.8,0,3,1,33.3,0.51,0.17,0,0,27.1,0,0,0,0.1,0.1,0.02,-0.1,-0.1
393,David Brooks,wls WAL,MF,Bournemouth,22,1997,5.6,1,6,2,33.3,1.07,0.36,0.17,0.5,21.7,1,0,0,0.8,0.8,0.13,0.2,0.2
394,Jack Robinson,eng ENG,DF,Sheffield Utd,25,1993,5.6,0,0,0,,0,0,,,,0,0,0,0,0,,0,0
395,Aaron Lennon,eng ENG,MF,Burnley,32,1987,5.5,0,1,0,0,0.18,0,0,,17.7,0,0,0,0,0,0.02,0,0
396,Valentino Lazaro,at AUT,"DF,MF",Newcastle Utd,23,1996,5.3,1,4,1,25,0.75,0.19,0.25,1,20.7,0,0,0,0.5,0.5,0.13,0.5,0.5
397,Robbie Brady,ie IRL,MF,Burnley,27,1992,5,1,12,1,8.3,2.38,0.2,0.08,1,15.2,2,0,0,1.2,1.2,0.1,-0.2,-0.2
398,Willy Caballero,ar ARG,GK,Chelsea,37,1981,5,0,0,0,,0,0,,,,0,0,0,0,0,,0,0
399,Anthony Gordon,eng ENG,"MF,FW",Everton,18,2001,4.9,0,6,1,16.7,1.23,0.2,0,0,19.1,0,0,0,0.2,0.2,0.04,-0.2,-0.2
400,Florian Lejeune,fr FRA,DF,Newcastle Utd,28,1991,4.9,2,4,3,75,0.81,0.61,0.5,0.67,16,0,0,0,0.6,0.6,0.14,1.4,1.4
401,Jeremy Ngakia,eng ENG,DF,West Ham,18,2000,4.9,0,1,1,100,0.2,0.2,0,0,25,0,0,0,0,0,0.03,0,0
402,David Martin,eng ENG,GK,West Ham,33,1986,4.8,0,0,0,,0,0,,,,0,0,0,0,0,,0,0
403,Wes Morgan,jm JAM,DF,Leicester City,35,1984,4.8,0,3,1,33.3,0.62,0.21,0,0,10.3,0,0,0,0.1,0.1,0.04,-0.1,-0.1
404,Angeliño,es ESP,DF,Manchester City,22,1997,4.7,0,5,0,0,1.06,0,0,,19.1,0,0,0,0.2,0.2,0.04,-0.2,-0.2
405,Leighton Baines,eng ENG,DF,Everton,34,1984,4.5,0,1,0,0,0.22,0,0,,32.4,1,0,0,0,0,0.03,0,0
406,William Smallbone,ie IRL,MF,Southampton,19,2000,4.4,0,5,0,0,1.15,0,0,,21.7,0,0,0,0.3,0.3,0.05,-0.3,-0.3
407,Adam Lallana,eng ENG,"MF,FW",Liverpool,31,1988,4.2,1,5,1,20,1.18,0.24,0.2,1,15.3,0,0,0,1.1,1.1,0.21,-0.1,-0.1
408,Luke Freeman,eng ENG,MF,Sheffield Utd,27,1992,4.1,0,3,0,0,0.74,0,0,,29.4,0,0,0,0.1,0.1,0.02,-0.1,-0.1
409,Ezequiel Schelotto,it ITA,DF,Brighton,30,1989,4,0,5,1,20,1.25,0.25,0,0,15.2,0,0,0,0.3,0.3,0.06,-0.3,-0.3
410,Claudio Bravo,cl CHI,GK,Manchester City,36,1983,3.9,0,0,0,,0,0,,,,0,0,0,0,0,,0,0
411,Alexis Mac Allister,ar ARG,"MF,FW",Brighton,20,1998,3.9,0,7,1,14.3,1.79,0.26,0,0,22.2,1,0,0,0.4,0.4,0.05,-0.4,-0.4
412,Ryan Sessegnon,eng ENG,DF,Tottenham,19,2000,3.8,0,1,0,0,0.26,0,0,,15.1,0,0,0,0.1,0.1,0.11,-0.1,-0.1
413,Ryan Bennett,eng ENG,DF,Leicester City,29,1990,3.7,0,0,0,,0,0,,,,0,0,0,0,0,,0,0
414,Jota Peleteiro,es ESP,"FW,MF",Aston Villa,28,1991,3.7,0,6,1,16.7,1.61,0.27,0,0,19.5,0,0,0,0.2,0.2,0.04,-0.2,-0.2
415,Alireza Jahanbakhsh,ir IRN,"FW,MF",Brighton,25,1993,3.5,2,11,2,18.2,3.18,0.58,0.18,1,19.4,0,0,0,0.5,0.5,0.05,1.5,1.5
416,Jarrad Branthwaite,eng ENG,DF,Everton,17,2002,3.3,0,0,0,,0,0,,,,0,0,0,0,0,,0,0
417,Patrick Cutrone,it ITA,FW,Wolves,21,1998,3.3,2,11,3,27.3,3.33,0.91,0.18,0.67,12.5,0,0,0,2.4,2.4,0.21,-0.4,-0.4
418,Nampalys Mendy,sn SEN,MF,Leicester City,27,1992,3.2,0,1,1,100,0.31,0.31,0,0,26.2,0,0,0,0,0,0.02,0,0
419,Daniel Podence,pt POR,"FW,MF",Wolves,23,1995,3.2,1,10,4,40,3.11,1.25,0.1,0.25,13.6,0,0,0,1.6,1.6,0.16,-0.6,-0.6
420,Cenk Tosun,tr TUR,FW,Everton,28,1991,3.2,1,11,3,27.3,3.4,0.93,0.09,0.33,13.7,0,0,0,0.7,0.7,0.07,0.3,0.3
421,Kevin Danso,at AUT,DF,Southampton,20,1998,3.1,0,1,0,0,0.32,0,0,,9,0,0,0,0.1,0.1,0.11,-0.1,-0.1
422,Wayne Hennessey,wls WAL,GK,Crystal Palace,32,1987,3,0,0,0,,0,0,,,,0,0,0,0,0,,0,0
423,Ben Johnson,eng ENG,DF,West Ham,19,2000,3,0,1,0,0,0.33,0,0,,28.3,0,0,0,0,0,0.01,0,0
424,Nacho Monreal,es ESP,DF,Arsenal,33,1986,3,0,1,0,0,0.33,0,0,,9.2,0,0,0,0.1,0.1,0.1,-0.1,-0.1
425,Luke Thomas,eng ENG,DF,Leicester City,18,2001,3,0,0,0,,0,0,,,,0,0,0,0,0,,0,0
426,Danny Drinkwater,eng ENG,MF,Aston Villa,29,1990,2.9,0,2,0,0,0.69,0,0,,19.5,0,0,0,0.1,0.1,0.05,-0.1,-0.1
427,Muhamed Beši?,ba BIH,MF,Sheffield Utd,26,1992,2.8,0,4,2,50,1.44,0.72,0,0,21.5,0,0,0,0.1,0.1,0.03,-0.1,-0.1
428,Takumi Minamino,jp JPN,"FW,MF",Liverpool,24,1995,2.8,0,9,2,22.2,3.25,0.72,0,0,18.1,0,0,0,1.4,1.4,0.16,-1.4,-1.4
429,Cédric Soares,pt POR,DF,Arsenal,27,1991,2.8,1,1,1,100,0.36,0.36,1,1,24,0,0,0,0,0,0.02,1,1
430,Michy Batshuayi,be BEL,FW,Chelsea,25,1993,2.7,1,15,2,13.3,5.65,0.75,0.07,0.5,13.1,0,0,0,2.2,2.2,0.15,-1.2,-1.2
431,Phil Jagielka,eng ENG,DF,Sheffield Utd,36,1982,2.7,0,0,0,,0,0,,,,0,0,0,0,0,,0,0
432,Jack Simpson,eng ENG,DF,Bournemouth,22,1996,2.7,0,1,0,0,0.37,0,0,,15,0,0,0,0,0,0.01,0,0
433,Kyle Walker-Peters,eng ENG,DF,Tottenham,22,1997,2.7,0,1,0,0,0.37,0,0,,21.9,0,0,0,0,0,0.02,0,0
434,Andrew Surman,eng ENG,MF,Bournemouth,32,1986,2.6,0,1,0,0,0.38,0,0,,24.2,0,0,0,0,0,0.02,0,0
435,Neco Williams,wls WAL,DF,Liverpool,18,2001,2.6,0,7,1,14.3,2.74,0.39,0,0,21.4,0,0,0,0.3,0.3,0.04,-0.3,-0.3
436,Adam Idah,ie IRL,"FW,MF",Norwich City,18,2001,2.5,0,6,2,33.3,2.37,0.79,0,0,16.6,0,0,0,1,1,0.17,-1,-1
437,Yoshinori Mut?,jp JPN,"FW,MF",Newcastle Utd,27,1992,2.4,0,1,0,0,0.42,0,0,,8.2,0,0,0,0.1,0.1,0.09,-0.1,-0.1
438,Jack Wilshere,eng ENG,MF,West Ham,27,1992,2.4,0,0,0,,0,0,,,,0,0,0,0,0,,0,0
439,Ruben Loftus-Cheek,eng ENG,"MF,FW",Chelsea,23,1996,2.3,0,4,0,0,1.73,0,0,,9.1,0,0,0,0.5,0.5,0.13,-0.5,-0.5
440,Billy Gilmour,sct SCO,MF,Chelsea,18,2001,2.2,0,1,0,0,0.46,0,0,,24,0,0,0,0,0,0.03,0,0
441,Henri Lansbury,eng ENG,"MF,FW",Aston Villa,28,1990,2.2,0,2,0,0,0.92,0,0,,19,0,0,0,0.1,0.1,0.05,-0.1,-0.1
442,Tyrick Mitchell,eng ENG,DF,Crystal Palace,19,1999,2.2,0,0,0,,0,0,,,,0,0,0,0,0,,0,0
443,Max Kilman,eng ENG,DF,Wolves,22,1997,2.1,0,0,0,,0,0,,,,0,0,0,0,0,,0,0
444,Xherdan Shaqiri,ch SUI,"FW,MF",Liverpool,27,1991,2.1,1,4,1,25,1.95,0.49,0.25,1,19.5,0,0,0,0.6,0.6,0.14,0.4,0.4
445,Axel Tuanzebe,eng ENG,DF,Manchester Utd,21,1997,2.1,0,0,0,,0,0,,,,0,0,0,0,0,,0,0
446,Simon Moore,eng ENG,GK,Sheffield Utd,29,1990,2,0,0,0,,0,0,,,,0,0,0,0,0,,0,0
447,Darren Randolph,ie IRL,GK,West Ham,32,1987,2,0,0,0,,0,0,,,,0,0,0,0,0,,0,0
448,Cenk Tosun,tr TUR,FW,Crystal Palace,28,1991,2,1,4,2,50,2.03,1.02,0.25,0.5,11.9,0,0,0,0.7,0.7,0.18,0.3,0.3
449,Michael McGovern,nir NIR,GK,Norwich City,35,1984,1.8,0,0,0,,0,0,,,,0,0,0,0,0,,0,0
450,Jesús Vallejo,es ESP,DF,Wolves,22,1997,1.8,0,0,0,,0,0,,,,0,0,0,0,0,,0,0
451,Eric Bailly,ci CIV,DF,Manchester Utd,25,1994,1.7,0,0,0,,0,0,,,,0,0,0,0,0,,0,0
452,Albian Ajeti,ch SUI,"MF,FW",West Ham,22,1997,1.5,0,3,0,0,1.94,0,0,,14.2,0,0,0,0.1,0.1,0.04,-0.1,-0.1
453,Timothy Fosu-Mensah,nl NED,DF,Manchester Utd,21,1998,1.5,0,1,0,0,0.66,0,0,,10,0,0,0,0.1,0.1,0.06,-0.1,-0.1
454,Jean-Philippe Gbamin,ci CIV,MF,Everton,23,1995,1.5,0,0,0,,0,0,,,,0,0,0,0,0,,0,0
455,Phil Jones,eng ENG,DF,Manchester Utd,27,1992,1.5,0,2,1,50,1.33,0.67,0,0,10,0,0,0,0.2,0.2,0.09,-0.2,-0.2
456,Ki Sung-yueng,kr KOR,MF,Newcastle Utd,30,1989,1.5,0,0,0,,0,0,,,,0,0,0,0,0,,0,0
457,Charlie Daniels,eng ENG,DF,Bournemouth,32,1986,1.4,0,0,0,,0,0,,,,0,0,0,0,0,,0,0
458,Morgan Gibbs-White,eng ENG,"MF,FW",Wolves,19,2000,1.4,0,2,0,0,1.4,0,0,,16,0,0,0,0.1,0.1,0.03,-0.1,-0.1
459,Curtis Jones,eng ENG,MF,Liverpool,18,2001,1.4,1,6,2,33.3,4.29,1.43,0.17,0.5,16.7,0,0,0,0.9,0.9,0.15,0.1,0.1
460,Marcos Rojo,ar ARG,DF,Manchester Utd,29,1990,1.4,0,1,0,0,0.74,0,0,,5.1,0,0,0,0.1,0.1,0.11,-0.1,-0.1
461,Jonathan Kodjia,ci CIV,"FW,MF",Aston Villa,29,1989,1.3,0,2,0,0,1.54,0,0,,19.6,0,0,0,0.1,0.1,0.03,-0.1,-0.1
462,Pablo Marí,es ESP,DF,Arsenal,25,1993,1.3,0,0,0,,0,0,,,,0,0,0,0,0,,0,0
463,Carlos Sánchez,co COL,"MF,DF",West Ham,33,1986,1.3,0,0,0,,0,0,,,,0,0,0,0,0,,0,0
464,Javier Hernández,mx MEX,FW,West Ham,31,1988,1.2,1,3,2,66.7,2.52,1.68,0.33,0.5,16.4,1,0,0,0.8,0.8,0.27,0.2,0.2
465,Henrikh Mkhitaryan,am ARM,FW,Arsenal,30,1989,1.2,0,2,0,0,1.61,0,0,,14.6,0,0,0,0.3,0.3,0.13,-0.3,-0.3
466,Richairo Živkovi?,nl NED,FW,Sheffield Utd,22,1996,1.2,0,1,0,0,0.8,0,0,,13.9,0,0,0,0,0,0.04,0,0
467,Odion Ighalo,ng NGA,FW,Manchester Utd,30,1989,1.1,0,7,3,42.9,6.24,2.67,0,0,11.2,0,0,0,1.5,1.5,0.22,-1.5,-1.5
468,Emile Smith-Rowe,eng ENG,MF,Arsenal,19,2000,1.1,0,0,0,,0,0,,,,0,0,0,0,0,,0,0
469,Connor Wickham,eng ENG,"FW,MF",Crystal Palace,26,1993,1.1,1,4,2,50,3.75,1.87,0.25,0.5,12.3,0,0,0,1.3,1.3,0.33,-0.3,-0.3
470,Jürgen Locadia,nl NED,"MF,FW",Brighton,25,1993,1,0,2,1,50,2.09,1.05,0,0,9.7,0,0,0,0.3,0.3,0.17,-0.3,-0.3
471,Mark Travers,ie IRL,GK,Bournemouth,20,1999,1,0,0,0,,0,0,,,,0,0,0,0,0,,0,0
472,Jake Vokins,eng ENG,DF,Southampton,19,2000,1,0,1,0,0,1,0,0,,28.8,0,0,0,0,0,0.02,0,0
473,Oliver Skipp,eng ENG,"MF,DF",Tottenham,18,2000,0.9,0,0,0,,0,0,,,,0,0,0,0,0,,0,0
474,Florin Andone,ro ROU,"MF,FW",Brighton,26,1993,0.8,1,1,1,100,1.23,1.23,1,1,6.7,0,0,0,0.1,0.1,0.15,0.9,0.9
475,Gedson Fernandes,pt POR,"MF,DF",Tottenham,20,1999,0.8,0,2,0,0,2.65,0,0,,20.4,0,0,0,0,0,0.02,0,0
476,Juan Foyth,ar ARG,DF,Tottenham,21,1998,0.8,0,0,0,,0,0,,,,0,0,0,0,0,,0,0
477,Ignacio Pussetto,ar ARG,"FW,DF",Watford,23,1995,0.8,0,0,0,,0,0,,,,0,0,0,0,0,,0,0
478,Isaac Success,ng NGA,"FW,MF",Watford,23,1996,0.8,0,1,1,100,1.29,1.29,0,0,11,0,0,0,0.1,0.1,0.07,-0.1,-0.1
479,Gaëtan Bong,cm CMR,"MF,DF",Brighton,31,1988,0.7,0,0,0,,0,0,,,,0,0,0,0,0,,0,0
480,Diogo Dalot,pt POR,"DF,MF",Manchester Utd,20,1999,0.7,0,1,0,0,1.34,0,0,,7,0,0,0,0.2,0.2,0.18,-0.2,-0.2
481,Dimitri Foulquier,fr FRA,"DF,MF",Watford,26,1993,0.7,0,0,0,,0,0,,,,0,0,0,0,0,,0,0
482,Danny Drinkwater,eng ENG,MF,Burnley,29,1990,0.6,0,0,0,,0,0,,,,0,0,0,0,0,,0,0
483,Jordon Ibe,eng ENG,DF,Bournemouth,23,1995,0.6,0,0,0,,0,0,,,,0,0,0,0,0,,0,0
484,Sebastian Prödl,at AUT,DF,Watford,32,1987,0.6,0,2,0,0,3.21,0,0,,9.7,0,0,0,0.1,0.1,0.03,-0.1,-0.1
485,Indiana Vassilev,us USA,"FW,MF",Aston Villa,18,2001,0.6,0,1,0,0,1.76,0,0,,21.5,0,0,0,0,0,0.03,0,0
486,Dennis Srbeny,de GER,"MF,FW",Norwich City,25,1994,0.5,1,2,1,50,3.83,1.91,0.5,1,8.5,0,0,0,0.6,0.6,0.3,0.4,0.4
487,Tahith Chong,nl NED,"FW,DF",Manchester Utd,19,1999,0.4,0,1,0,0,2.43,0,0,,12.8,0,0,0,0.1,0.1,0.06,-0.1,-0.1
488,Leon Clarke,eng ENG,"FW,MF",Sheffield Utd,34,1985,0.4,0,1,0,0,2.57,0,0,,9,0,0,0,0.3,0.3,0.33,-0.3,-0.3
489,Nathan Holland,eng ENG,MF,West Ham,21,1998,0.4,0,1,1,100,2.73,2.73,0,0,24,0,0,0,0,0,0.05,0,0
490,Tariq Lamptey,eng ENG,DF,Chelsea,18,2000,0.4,0,0,0,,0,0,,,,0,0,0,0,0,,0,0
491,Josh Martin,eng ENG,"FW,MF",Norwich City,17,2001,0.4,0,1,1,100,2.43,2.43,0,0,13,0,0,0,0.3,0.3,0.31,-0.3,-0.3
492,João Pedro Junqueira,br BRA,"FW,MF",Watford,17,2001,0.3,0,1,0,0,3.6,0,0,,16,0,0,0,0.1,0.1,0.05,-0.1,-0.1
493,Patrick Roberts,eng ENG,"FW,MF",Norwich City,22,1997,0.3,0,0,0,,0,0,,,,0,0,0,0,0,,0,0
494,Sam Surridge,eng ENG,"FW,MF",Bournemouth,21,1998,0.3,0,2,0,0,6.67,0,0,,11.6,0,0,0,0.4,0.4,0.2,-0.4,-0.4
495,Victor Wanyama,ke KEN,MF,Tottenham,28,1991,0.3,0,0,0,,0,0,,,,0,0,0,0,0,,0,0
496,Faustino Anjorin,eng ENG,FW,Chelsea,17,2001,0.2,0,1,0,0,4.5,0,0,,31.3,0,0,0,0,0,0.01,0,0
497,Borja Bastón,es ESP,"MF,FW",Aston Villa,26,1992,0.2,0,0,0,,0,0,,,,0,0,0,0,0,,0,0
498,Thomas Doyle,eng ENG,MF,Manchester City,17,2001,0.2,0,1,1,100,5.63,5.63,0,0,19,0,0,0,0.1,0.1,0.08,-0.1,-0.1
499,Ralf Fährmann,de GER,GK,Norwich City,30,1988,0.2,0,0,0,,0,0,,,,0,0,0,0,0,,0,0
